X,Y,Z,Name,description
3.84553812,51.6018571,0,Temple of Nehalennia,"
        <b>Type:</b> Ancient Temple <b>County/Region:</b> Zeeland <b>Alt Name:</b> Tempel van Nehalennia Colijnsplaat <br /> Pos Accuracy: <b>5</b> Condition: <b>5</b> (5 is best)   Ambience: <b>4</b>  Access: <b>5</b>  (5 is best)<br />
                    <b>Lat:</b> 51.6018571 &nbsp;&nbsp;&nbsp;<b>Long</b>: 3.84553812<img src=""http://www.megalithic.co.uk/a558/a312/gallery/benelux/The_Netherlands/thumb/kue_IMG_1345.jpg"" align=""right"" valign=""top""></a>
<br />
                    In the river of the Oosterschelde near the village of Colijnsplaat parts of a Roman temple were found, the remains were dated from 180 - 250 AD.â¨ A replica of the temple was erected in Colijnsplaat....<b>.</b> (c) Meg. Portal contributors.<br />
		     <a href=""http://www.megalithic.co.uk/article.php?sid=58528"" >Link To More Information</a><br />
                    "
