X,Y,Z,Name,description
6.86719,53.35889,0,Duivelsflint,"
        <b>Type:</b> Marker Stone <b>County/Region:</b> Groningen <b>Alt Name:</b> Duivelsflint van Holwierde <br /> Pos Accuracy: <b>5</b> Condition: <b>4</b> (5 is best)   Ambience: <b>3</b>  Access: <b>5</b>  (5 is best)<br />
                    <b>Lat:</b> 53.35889 &nbsp;&nbsp;&nbsp;<b>Long</b>: 6.86719<img src=""http://www.megalithic.co.uk/a558/a312/gallery/benelux/The_Netherlands/thumb/agk_DSC00054.jpg"" align=""right"" valign=""top""></a>
<br />
                    Marker Stone in Holwierde (Province Groningen). Old marker stone, according local lore an ancient offering site with the devil's footprint on it. ...<b>.</b> (c) Meg. Portal contributors.<br />
		     <a href=""http://www.megalithic.co.uk/article.php?sid=53917"" >Link To More Information</a><br />
                    "
5.91348,52.00857,0,Grenspaal Roosteren-Susteren,"
        <b>Type:</b> Marker Stone <b>County/Region:</b> Gelderland <br /> Pos Accuracy: <b>4</b> Condition: <b>4</b> (5 is best)   Ambience: <b>4</b>  Access: <b>5</b>  (5 is best)<br />
                    <b>Lat:</b> 52.00857 &nbsp;&nbsp;&nbsp;<b>Long</b>: 5.91348<img src=""http://www.megalithic.co.uk/a558/a312/gallery/benelux/The_Netherlands/thumb/20230520_133602.jpg"" align=""right"" valign=""top""></a>
<br />
                    Marker Stone in Gelderland. Sculptured monolith used as boundary post, dating back to the middle ages. <br />Originated from Limburg, in 1914 removed/placed here in the Open Air Museum, Arnhem. <br />...<b>.</b> (c) Meg. Portal contributors.<br />
		     <a href=""http://www.megalithic.co.uk/article.php?sid=58512"" >Link To More Information</a><br />
                    "
6.88003,52.44816,0,Grenssteen tussen Hesingen en Hezingen,"
        <b>Type:</b> Marker Stone <b>County/Region:</b> Overijssel <b>Alt Name:</b> Grenzstein zwischen Hesingen und Hezingen <br /> Pos Accuracy: <b>4</b> Condition: <b>4</b> (5 is best)   Ambience: <b>4</b>  Access: <b>4</b>  (5 is best)<br />
                    <b>Lat:</b> 52.44816 &nbsp;&nbsp;&nbsp;<b>Long</b>: 6.88003<img src=""http://www.megalithic.co.uk/a558/a312/gallery/benelux/The_Netherlands/thumb/kur_hezingen.jpg"" align=""right"" valign=""top""></a>
<br />
                    Marker stone on the border between Germany and the Netherlands.. ...<b>.</b> (c) Meg. Portal contributors.<br />
		     <a href=""http://www.megalithic.co.uk/article.php?sid=58614"" >Link To More Information</a><br />
                    "
6.67917,52.60832,0,Kindersteen Gramsberger Bosje,"
        <b>Type:</b> Marker Stone <b>County/Region:</b> Overijssel <br /> Pos Accuracy: <b>4</b>  (5 is best)<br />
                    <b>Lat:</b> 52.60832 &nbsp;&nbsp;&nbsp;<b>Long</b>: 6.67917<br />
                    Marker Stone in Overijssel. Next to the village Gramsbergen, there's a small forest named Gramsberger Bosje. In this forest there are two small hills. One of them allegedly was used to bury dead horse...<b>.</b> (c) Meg. Portal contributors.<br />
		     <a href=""http://www.megalithic.co.uk/article.php?sid=59616"" >Link To More Information</a><br />
                    "
