X,Y,Z,Name,description
3.46366626,51.5195284,0,Bos Boudewijnskerke,"
        <b>Type:</b> Misc. Earthwork <b>County/Region:</b> Zeeland <br /> Pos Accuracy: <b>5</b>  Ambience: <b>4</b>  Access: <b>4</b>  (5 is best)<br />
                    <b>Lat:</b> 51.5195284 &nbsp;&nbsp;&nbsp;<b>Long</b>: 3.46366626<img src=""http://www.megalithic.co.uk/a558/a312/gallery/benelux/The_Netherlands/thumb/bfz_IMG_1629.jpg"" align=""right"" valign=""top""></a>
<br />
                    This forest is located on a row of dunes just behind the Walcheren coastline. Before the Boudewijnskerke forest was created, archaeologists conducted research. They found 12 valuable sites there, with...<b>.</b> (c) Meg. Portal contributors.<br />
		     <a href=""http://www.megalithic.co.uk/article.php?sid=58563"" >Link To More Information</a><br />
                    "
6.1514331,52.25511,0,Stenen Wal - Stone Wall,"
        <b>Type:</b> Misc. Earthwork <b>County/Region:</b> Overijssel <b>Alt Name:</b> Stone Wall <br /> Pos Accuracy: <b>5</b> Condition: <b>5</b> (5 is best)   Ambience: <b>4</b>  Access: <b>5</b>  (5 is best)<br />
                    <b>Lat:</b> 52.25511 &nbsp;&nbsp;&nbsp;<b>Long</b>: 6.1514331<img src=""http://www.megalithic.co.uk/a558/a312/gallery/benelux/The_Netherlands/thumb/lgys_IMG_9008.jpg"" align=""right"" valign=""top""></a>
<br />
                    Stenen Wal (Stone Wall) is the name of a small street in Deventer. Actually it is a defensive wall dated back to 882AC. It looks like a dike nowadays. You can walk into the small street and see the st...<b>.</b> (c) Meg. Portal contributors.<br />
		     <a href=""http://www.megalithic.co.uk/article.php?sid=59117"" >Link To More Information</a><br />
                    "
