X,Y,Z,Name,description
4.89282,52.36882,0,Allard Pierson Museum,"
        <b>Type:</b> Museum <b>County/Region:</b> Noord-Holland <b>Alt Name:</b> Amsterdam Museum of Antiquities <br /> Pos Accuracy: <b>4</b> Condition: <b>5</b> (5 is best)   Ambience: <b>4</b>  Access: <b>5</b>  (5 is best)<br />
                    <b>Lat:</b> 52.36882 &nbsp;&nbsp;&nbsp;<b>Long</b>: 4.89282<img src=""http://www.megalithic.co.uk/a558/a312/gallery/benelux/The_Netherlands/thumb/100743245_029c9658a6_b.jpg"" align=""right"" valign=""top""></a>
<br />
                    In the Amsterdam University Allard Pierson Museum was a special exhibition about the reconstruction of the lost colours used in antiquity to enhance sculptures. To see them as they were seen in their ...<b>.</b> (c) Meg. Portal contributors.<br />
		     <a href=""http://www.megalithic.co.uk/article.php?sid=13033"" >Link To More Information</a><br />
                    "
4.65173,52.11407,0,"Archeologiehuis Zuid-Holland, Archeon","
        <b>Type:</b> Museum <b>County/Region:</b> Zuid-Holland <br /> Pos Accuracy: <b>5</b> Condition: <b>4</b> (5 is best)   (5 is best)<br />
                    <b>Lat:</b> 52.11407 &nbsp;&nbsp;&nbsp;<b>Long</b>: 4.65173<br />
                    Museum in Zuid-Holland. Provincial archeology museum, plus an open-air museum (mostly meant for children). <br />
Official Web Site: https://www.archeologiehuiszuidholland.nl/...<b>.</b> (c) Meg. Portal contributors.<br />
		     <a href=""http://www.megalithic.co.uk/article.php?sid=53882"" >Link To More Information</a><br />
                    "
5.760589,50.965331,0,Archeologiemuseum Stein,"
        <b>Type:</b> Museum <b>County/Region:</b> Limburg <b>Alt Name:</b> Grafkelder van Stein <br /> Pos Accuracy: <b>5</b>  Access: <b>5</b>  (5 is best)<br />
                    <b>Lat:</b> 50.965331 &nbsp;&nbsp;&nbsp;<b>Long</b>: 5.760589<img src=""http://www.megalithic.co.uk/a558/a312/gallery/benelux/The_Netherlands/thumb/1024px-Stein_-_Grafkelder_van_Stein_1.jpg"" align=""right"" valign=""top""></a>
<br />
                    Museum in Limburg. In april 1963 a Neolithic grafkelder (cist) was discovered by P. Modderman and it was excavated the same year. A museum was erected around it, which was opened in june 1967.<br />
...<b>.</b> (c) Meg. Portal contributors.<br />
		     <a href=""http://www.megalithic.co.uk/article.php?sid=44991"" >Link To More Information</a><br />
                    "
4.70864,52.59621,0,Archeologisch museum Baduhenna Heiloo,"
        <b>Type:</b> Museum <b>County/Region:</b> Noord-Holland <br /> Pos Accuracy: <b>5</b>  Access: <b>4</b>  (5 is best)<br />
                    <b>Lat:</b> 52.59621 &nbsp;&nbsp;&nbsp;<b>Long</b>: 4.70864<br />
                    Museum in Noord-Holland. Small local archaeological museum with interesting prehistoric finds.<br /><br />Website: http://www.baduhenna.nl/...<b>.</b> (c) Meg. Portal contributors.<br />
		     <a href=""http://www.megalithic.co.uk/article.php?sid=53872"" >Link To More Information</a><br />
                    "
4.6362052,52.3811162,0,Archeologisch Museum Haarlem,"
        <b>Type:</b> Museum <b>County/Region:</b> Noord-Holland <br /> Pos Accuracy: <b>5</b> Condition: <b>5</b> (5 is best)   Ambience: <b>4</b>  Access: <b>5</b>  (5 is best)<br />
                    <b>Lat:</b> 52.3811162 &nbsp;&nbsp;&nbsp;<b>Long</b>: 4.6362052<img src=""http://www.megalithic.co.uk/a558/a312/gallery/benelux/The_Netherlands/thumb/60496-2024-06-29-14-52-50.jpg"" align=""right"" valign=""top""></a>
<br />
                    Museum in Noord-Holland. A small museum that displays artefacts from Haarlem's history in a room in the basement. There are also some interesting films. Admission is free....<b>.</b> (c) Meg. Portal contributors.<br />
		     <a href=""http://www.megalithic.co.uk/article.php?sid=60496"" >Link To More Information</a><br />
                    "
4.486973,51.920269,0,DeTijdTrap,"
        <b>Type:</b> Museum <b>County/Region:</b> Zuid-Holland <b>Alt Name:</b> The Time Staircase <br /> Pos Accuracy: <b>5</b> Condition: <b>5</b> (5 is best)   Ambience: <b>5</b>  Access: <b>5</b>  (5 is best)<br />
                    <b>Lat:</b> 51.920269 &nbsp;&nbsp;&nbsp;<b>Long</b>: 4.486973<img src=""http://www.megalithic.co.uk/a558/a312/gallery/benelux/The_Netherlands/thumb/ijo_IMG_2146.jpg"" align=""right"" valign=""top""></a>
<br />
                    Museum in Zuid-Holland. Rotta, a village predating the city of Rotterdam <br />
The river Rotte dates back at al least 2500 years ago. From the early beginning people lived on its shores, as archaeol...<b>.</b> (c) Meg. Portal contributors.<br />
		     <a href=""http://www.megalithic.co.uk/article.php?sid=58600"" >Link To More Information</a><br />
                    "
6.5644,52.9933,0,Drents Museum,"
        <b>Type:</b> Museum <b>County/Region:</b> Drenthe <br /> Pos Accuracy: <b>5</b>  Access: <b>5</b>  (5 is best)<br />
                    <b>Lat:</b> 52.9933 &nbsp;&nbsp;&nbsp;<b>Long</b>: 6.5644<img src=""http://www.megalithic.co.uk/a558/a312/gallery/benelux/The_Netherlands/thumb/trk_P1090484.JPG"" align=""right"" valign=""top""></a>
<br />
                    Museum in Drenthe. The Drents Museum is an art and history museum in Assen.<br />
<br />
The museum has a large permanent collection of prehistoric artifacts from the province of Drenthe. It include...<b>.</b> (c) Meg. Portal contributors.<br />
		     <a href=""http://www.megalithic.co.uk/article.php?sid=44059"" >Link To More Information</a><br />
                    "
5.2078,52.24639,0,Geologisch Museum Hofland,"
        <b>Type:</b> Museum <b>County/Region:</b> Noord-Holland <br /> Pos Accuracy: <b>4</b>  (5 is best)<br />
                    <b>Lat:</b> 52.24639 &nbsp;&nbsp;&nbsp;<b>Long</b>: 5.2078<img src=""http://www.megalithic.co.uk/a558/a312/gallery/benelux/The_Netherlands/thumb/aiy_DSC06495.jpg"" align=""right"" valign=""top""></a>
<br />
                    Museum in Noord-Holland. Geological museum with section about the archeology and early history of the region.<br />
Museum website.  ...<b>.</b> (c) Meg. Portal contributors.<br />
		     <a href=""http://www.megalithic.co.uk/article.php?sid=58909"" >Link To More Information</a><br />
                    "
5.17332,52.0257,0,Het Archeologiemuseum in Houten,"
        <b>Type:</b> Museum <b>County/Region:</b> Utrecht <br /> Pos Accuracy: <b>4</b>  (5 is best)<br />
                    <b>Lat:</b> 52.0257 &nbsp;&nbsp;&nbsp;<b>Long</b>: 5.17332<br />
                    Museum in Utrecht. Regional archeological museum.<br />
<br />
https://www.archeologiehouten.nl/<br />
...<b>.</b> (c) Meg. Portal contributors.<br />
		     <a href=""http://www.megalithic.co.uk/article.php?sid=53900"" >Link To More Information</a><br />
                    "
6.6474,52.102133,0,Historisch Museum De Scheper,"
        <b>Type:</b> Museum <b>County/Region:</b> Gelderland <br /> Pos Accuracy: <b>5</b>  (5 is best)<br />
                    <b>Lat:</b> 52.102133 &nbsp;&nbsp;&nbsp;<b>Long</b>: 6.6474<br />
                    Museum in Gelderland. At the museum ancient pottery and tools are displayed which have been found in the region.<br />
<br />
website: www.museumdescheper.nl/...<b>.</b> (c) Meg. Portal contributors.<br />
		     <a href=""http://www.megalithic.co.uk/article.php?sid=37823"" >Link To More Information</a><br />
                    "
4.65821,52.54464,0,Huis van Hilde,"
        <b>Type:</b> Museum <b>County/Region:</b> Noord-Holland <b>Alt Name:</b> Hilde's House <br /> Pos Accuracy: <b>5</b> Condition: <b>5</b> (5 is best)   Ambience: <b>5</b>  Access: <b>5</b>  (5 is best)<br />
                    <b>Lat:</b> 52.54464 &nbsp;&nbsp;&nbsp;<b>Long</b>: 4.65821<img src=""http://www.megalithic.co.uk/a558/a312/gallery/benelux/The_Netherlands/thumb/flk24814881200.jpg"" align=""right"" valign=""top""></a>
<br />
                    Huis van Hilde (Hilde's House) is the archaeology information centre and repository of the Dutch province of Noord-Holland (North Holland), which was opened in Castricum in early 2015. It was named af...<b>.</b> (c) Meg. Portal contributors.<br />
		     <a href=""http://www.megalithic.co.uk/article.php?sid=46430"" >Link To More Information</a><br />
                    "
6.798699,52.930687,0,Hunebedcentrum,"
        <b>Type:</b> Museum <b>County/Region:</b> Drenthe <b>Alt Name:</b> Hunebed Centre, Hunebed Museum <br /> Pos Accuracy: <b>4</b> Condition: <b>5</b> (5 is best)   Ambience: <b>5</b>  Access: <b>5</b>  (5 is best)<br />
                    <b>Lat:</b> 52.930687 &nbsp;&nbsp;&nbsp;<b>Long</b>: 6.798699<img src=""http://www.megalithic.co.uk/a558/a312/gallery/benelux/The_Netherlands/thumb/cwa_IMG_6190.jpg"" align=""right"" valign=""top""></a>
<br />
                    The Borger Hunebed Centre, situated on a sand ridge (Hondsrug) in the province of Drenthe in the Netherlands takes you back to prehistoric times, when the first people settled there. It was they who b...<b>.</b> (c) Meg. Portal contributors.<br />
		     <a href=""http://www.megalithic.co.uk/article.php?sid=19383"" >Link To More Information</a><br />
                    "
6.1391857,53.2559374,0,Ijstijdenmuseum,"
        <b>Type:</b> Museum <b>County/Region:</b> Friesland <br /> Pos Accuracy: <b>5</b> Condition: <b>5</b> (5 is best)   Ambience: <b>4</b>  Access: <b>5</b>  (5 is best)<br />
                    <b>Lat:</b> 53.2559374 &nbsp;&nbsp;&nbsp;<b>Long</b>: 6.1391857<img src=""http://www.megalithic.co.uk/a558/a312/gallery/benelux/The_Netherlands/thumb/46385-2024-07-05-11-41-05.jpg"" align=""right"" valign=""top""></a>
<br />
                    A museum dedicated to prehistory and geology of Friesland. It is located in the grounds of the botanical garden of De Kruidhof and the entry fee is valid for both attractions. On display in the museum...<b>.</b> (c) Meg. Portal contributors.<br />
		     <a href=""http://www.megalithic.co.uk/article.php?sid=46385"" >Link To More Information</a><br />
                    "
6.64552,52.84576,0,IJzertijderf Orvelte,"
        <b>Type:</b> Museum <b>County/Region:</b> Drenthe <br /> Pos Accuracy: <b>4</b>  (5 is best)<br />
                    <b>Lat:</b> 52.84576 &nbsp;&nbsp;&nbsp;<b>Long</b>: 6.64552<br />
                    Museum in Drenthe. Reconstruction of an Iron Age farm.<br />
<br />
Website  <br />
...<b>.</b> (c) Meg. Portal contributors.<br />
		     <a href=""http://www.megalithic.co.uk/article.php?sid=58599"" >Link To More Information</a><br />
                    "
5.73213,50.80006,0,Informatiecentrum Mijn Rijckholt,"
        <b>Type:</b> Museum <b>County/Region:</b> Limburg <br /> Pos Accuracy: <b>4</b>  (5 is best)<br />
                    <b>Lat:</b> 50.80006 &nbsp;&nbsp;&nbsp;<b>Long</b>: 5.73213<br />
                    Museum in Limburg. Information centre about the ancient flint mines of Rijckholt, in a former dominican monastery. Close to the starting point for organized excursions to the mines, which are about 1,...<b>.</b> (c) Meg. Portal contributors.<br />
		     <a href=""http://www.megalithic.co.uk/article.php?sid=58758"" >Link To More Information</a><br />
                    "
5.52668,51.765456,0,Jan Cunen Museum,"
        <b>Type:</b> Museum <b>County/Region:</b> Noord-Brabant <br /> Pos Accuracy: <b>4</b>  Access: <b>5</b>  (5 is best)<br />
                    <b>Lat:</b> 51.765456 &nbsp;&nbsp;&nbsp;<b>Long</b>: 5.52668<br />
                    Museum in Noord-Holland. Museum in Oss.<br />
<br />
http://www.museumjancunen.nl/...<b>.</b> (c) Meg. Portal contributors.<br />
		     <a href=""http://www.megalithic.co.uk/article.php?sid=24559"" >Link To More Information</a><br />
                    "
6.171944,51.366667,0,Limburgs Museum,"
        <b>Type:</b> Museum <b>County/Region:</b> Limburg <br /> Pos Accuracy: <b>5</b> Condition: <b>5</b> (5 is best)   Ambience: <b>3</b>  Access: <b>5</b>  (5 is best)<br />
                    <b>Lat:</b> 51.366667 &nbsp;&nbsp;&nbsp;<b>Long</b>: 6.171944<img src=""http://www.megalithic.co.uk/a558/a312/gallery/benelux/The_Netherlands/thumb/2016-06-25_15.10.06.jpg"" align=""right"" valign=""top""></a>
<br />
                    Museum in Limburg. The Museum of Limburg is a cult-historic museum in Venlo, Limburg. The museum has an extensive archaeological collection, of which the oldest pieces date back to the Neolithic.<br /...<b>.</b> (c) Meg. Portal contributors.<br />
		     <a href=""http://www.megalithic.co.uk/article.php?sid=45113"" >Link To More Information</a><br />
                    "
5.4256238,51.4545462,0,Maria Visitatiekerk,"
        <b>Type:</b> Museum <b>County/Region:</b> Noord-Brabant <b>Alt Name:</b> Kunstinhetkerkje <br /> Pos Accuracy: <b>5</b> Condition: <b>5</b> (5 is best)   Ambience: <b>4</b>  Access: <b>5</b>  (5 is best)<br />
                    <b>Lat:</b> 51.4545462 &nbsp;&nbsp;&nbsp;<b>Long</b>: 5.4256238<img src=""http://www.megalithic.co.uk/a558/a312/gallery/benelux/The_Netherlands/thumb/msg_IMG_2584.jpg"" align=""right"" valign=""top""></a>
<br />
                    Ancient Church/Exhibition Gallery in Noord-Brabant. The Maria Visitatie Church was build in the 12th century AD. It was build as a simple village church. <br />
Two centuries later, the tower has bee...<b>.</b> (c) Meg. Portal contributors.<br />
		     <a href=""http://www.megalithic.co.uk/article.php?sid=58681"" >Link To More Information</a><br />
                    "
4.33027,51.92849,0,"Masamuda Educatief archeologisch erf, Vlaardingen","
        <b>Type:</b> Museum <b>County/Region:</b> Zuid-Holland <br /> Pos Accuracy: <b>4</b>  (5 is best)<br />
                    <b>Lat:</b> 51.92849 &nbsp;&nbsp;&nbsp;<b>Long</b>: 4.33027<br />
                    Open air educative centre with reconstruction of a neolithic (Vlaardingen culture) and a Medieval farm. Centre for experimental archeology and reconstruction of historical landscape. . Open on Sunday ...<b>.</b> (c) Meg. Portal contributors.<br />
		     <a href=""http://www.megalithic.co.uk/article.php?sid=59038"" >Link To More Information</a><br />
                    "
5.43698,52.52131,0,Museum Batavialand,"
        <b>Type:</b> Museum <b>County/Region:</b> Flevoland <b>Alt Name:</b> Voorheen Nieuw Land Erfgoedcentrum <br /> Pos Accuracy: <b>5</b>  Access: <b>5</b>  (5 is best)<br />
                    <b>Lat:</b> 52.52131 &nbsp;&nbsp;&nbsp;<b>Long</b>: 5.43698<br />
                    Museum in Flevoland. Provincial museum with archeological finds.
<br /><br />Official Web Site: https://www.batavialand.nl...<b>.</b> (c) Meg. Portal contributors.<br />
		     <a href=""http://www.megalithic.co.uk/article.php?sid=53877"" >Link To More Information</a><br />
                    "
4.84709,51.83278,0,Museum de Koperen Knop,"
        <b>Type:</b> Museum <b>County/Region:</b> Zuid-Holland <br /> Pos Accuracy: <b>4</b>  (5 is best)<br />
                    <b>Lat:</b> 51.83278 &nbsp;&nbsp;&nbsp;<b>Long</b>: 4.84709<br />
                    Museum in Zuid-Holland. Local museum about the history of the area, including archeological exhibition. Has a replica of âTrijntjeâ, the oldest known Stone Age burial in the Netherlands (ca. 7500 ...<b>.</b> (c) Meg. Portal contributors.<br />
		     <a href=""http://www.megalithic.co.uk/article.php?sid=58693"" >Link To More Information</a><br />
                    "
5.871111,51.846389,0,Museum Het Valkhof,"
        <b>Type:</b> Museum <b>County/Region:</b> Gelderland <b>Alt Name:</b> Stichting Museum Het Valkhof-Kam, The Valkhof Museum <br /> Pos Accuracy: <b>5</b> Condition: <b>5</b> (5 is best)   Ambience: <b>3</b>  Access: <b>5</b>  (5 is best)<br />
                    <b>Lat:</b> 51.846389 &nbsp;&nbsp;&nbsp;<b>Long</b>: 5.871111<br />
                    Museum in Gelderland. The Valkhof Museum is a museum in Nijmegen. Noviomagus (Nijmegen) was once the most important roman city of the Netherlands. <br />
<br />
The archaeology department of the mus...<b>.</b> (c) Meg. Portal contributors.<br />
		     <a href=""http://www.megalithic.co.uk/article.php?sid=45144"" >Link To More Information</a><br />
                    "
5.7275,51.808333,0,Museum Kasteel Wijchen,"
        <b>Type:</b> Museum <b>County/Region:</b> Gelderland <br /> Pos Accuracy: <b>5</b>  (5 is best)<br />
                    <b>Lat:</b> 51.808333 &nbsp;&nbsp;&nbsp;<b>Long</b>: 5.7275<img src=""http://www.megalithic.co.uk/a558/a312/gallery/benelux/The_Netherlands/thumb/flk5506216821.jpg"" align=""right"" valign=""top""></a>
<br />
                    The Museum Kasteel Wijchen is a local history museum in Wijchen (Gelderland/The Netherlands). It is situated in some of the rooms in Kasteel Wijchen. The exhibition starts in the Stone Age and continu...<b>.</b> (c) Meg. Portal contributors.<br />
		     <a href=""http://www.megalithic.co.uk/article.php?sid=47790"" >Link To More Information</a><br />
                    "
6.06332,53.00191,0,Museum OpsterlÃ¢n,"
        <b>Type:</b> Museum <b>County/Region:</b> Friesland <br /> Pos Accuracy: <b>4</b>  (5 is best)<br />
                    <b>Lat:</b> 53.00191 &nbsp;&nbsp;&nbsp;<b>Long</b>: 6.06332<br />
                    Museum in Friesland. Local museum with archeological collection. Houses the vuistbijl van Wijnjeterp , a Neandertal celt found nearby in 1939....<b>.</b> (c) Meg. Portal contributors.<br />
		     <a href=""http://www.megalithic.co.uk/article.php?sid=58597"" >Link To More Information</a><br />
                    "
5.888352,51.8138,0,Museumpark Orientalis,"
        <b>Type:</b> Museum <b>County/Region:</b> Gelderland <b>Alt Name:</b> Bijbels Openluchtmuseum <br /> Pos Accuracy: <b>5</b>  Access: <b>5</b>  (5 is best)<br />
                    <b>Lat:</b> 51.8138 &nbsp;&nbsp;&nbsp;<b>Long</b>: 5.888352<img src=""http://www.megalithic.co.uk/a558/a312/gallery/benelux/The_Netherlands/thumb/1024px-MPO_Via_Orientalis.jpg"" align=""right"" valign=""top""></a>
<br />
                    The Museumpark Orientalis is an open-air museum in Heilig Land Stichting (Gelderland/The Netherlands). It mainly focuses on reconstructed buildings from the time of Jesus. This includes a Jewish villa...<b>.</b> (c) Meg. Portal contributors.<br />
		     <a href=""http://www.megalithic.co.uk/article.php?sid=47799"" >Link To More Information</a><br />
                    "
6.926408,53.335892,0,MuzeeAquarium Delfzijl,"
        <b>Type:</b> Museum <b>County/Region:</b> Groningen <b>Alt Name:</b> G5 Heveskes <br /> Pos Accuracy: <b>5</b> Condition: <b>5</b> (5 is best)   Ambience: <b>5</b>  Access: <b>5</b>  (5 is best)<br />
                    <b>Lat:</b> 53.335892 &nbsp;&nbsp;&nbsp;<b>Long</b>: 6.926408<img src=""http://www.megalithic.co.uk/a558/a312/gallery/benelux/The_Netherlands/thumb/wbl_DSC00045.jpg"" align=""right"" valign=""top""></a>
<br />
                    A museum in Delfzijl focussing mainly on the sea and shipping but it also has an archaeological section containing finds from the area including the last hunebed (passage grave) to be discovered in th...<b>.</b> (c) Meg. Portal contributors.<br />
		     <a href=""http://www.megalithic.co.uk/article.php?sid=45176"" >Link To More Information</a><br />
                    "
6.3175,52.855556,0,OERmuseum West-Drenthe,"
        <b>Type:</b> Museum <b>County/Region:</b> Drenthe <b>Alt Name:</b> Archeologisch Centrum West-Drenthe <br /> Pos Accuracy: <b>5</b>  Access: <b>5</b>  (5 is best)<br />
                    <b>Lat:</b> 52.855556 &nbsp;&nbsp;&nbsp;<b>Long</b>: 6.3175<img src=""http://www.megalithic.co.uk/a558/a312/gallery/benelux/The_Netherlands/thumb/Archeologisch_Centrum_West-Drenthe_DSCF1585.jpg"" align=""right"" valign=""top""></a>
<br />
                    Museum in Drenthe. The OERmuseum West-Drenthe is a museum in Diever.<br />
<br />
The museum focusses on the prehistory in the area West-Drenthe, from the stone age to the early middle ages. There i...<b>.</b> (c) Meg. Portal contributors.<br />
		     <a href=""http://www.megalithic.co.uk/article.php?sid=45139"" >Link To More Information</a><br />
                    "
4.955479,51.482359,0,Oudheidkundig Streekmuseum,"
        <b>Type:</b> Museum <b>County/Region:</b> Noord-Brabant <br /> Pos Accuracy: <b>5</b>  Access: <b>5</b>  (5 is best)<br />
                    <b>Lat:</b> 51.482359 &nbsp;&nbsp;&nbsp;<b>Long</b>: 4.955479<br />
                    Museum in Noord-Brabant. The Oudheidkundig Streekmuseum is a cult-historic museum based in a former church in Alphen. It has an extensive collection of archaeological finds from the region going back ...<b>.</b> (c) Meg. Portal contributors.<br />
		     <a href=""http://www.megalithic.co.uk/article.php?sid=46315"" >Link To More Information</a><br />
                    "
4.485735,52.158437,0,Rijksmuseum van Oudheden,"
        <b>Type:</b> Museum <b>County/Region:</b> Zuid-Holland <b>Alt Name:</b> National Museum of Antiquities <br /> Pos Accuracy: <b>4</b> Condition: <b>5</b> (5 is best)   Ambience: <b>5</b>  Access: <b>5</b>  (5 is best)<br />
                    <b>Lat:</b> 52.158437 &nbsp;&nbsp;&nbsp;<b>Long</b>: 4.485735<img src=""http://www.megalithic.co.uk/a558/a312/gallery/benelux/The_Netherlands/thumb/wc_Zuurdeeg2.jpg"" align=""right"" valign=""top""></a>
<br />
                    Museum in Zuid-Holland. The Dutch National Museum of Antiquities (Rijksmuseum van Oudheden) is the national centre of archaeology on the cultures of ancient Egypt, the Near East, the classical world a...<b>.</b> (c) Meg. Portal contributors.<br />
		     <a href=""http://www.megalithic.co.uk/article.php?sid=28405"" >Link To More Information</a><br />
                    "
3.9188807,51.6505351,0,Stadhuismuseum Zierikzee,"
        <b>Type:</b> Museum <b>County/Region:</b> Zeeland <br /> Pos Accuracy: <b>5</b> Condition: <b>5</b> (5 is best)   Ambience: <b>5</b>  Access: <b>5</b>  (5 is best)<br />
                    <b>Lat:</b> 51.6505351 &nbsp;&nbsp;&nbsp;<b>Long</b>: 3.9188807<img src=""http://www.megalithic.co.uk/a558/a312/gallery/benelux/The_Netherlands/thumb/bkp_IMG_1902.jpg"" align=""right"" valign=""top""></a>
<br />
                    Museum in Zeeland. Zierikzee is situated at one of the most important rivers of Zeeland, Flanders, in the Scheldt delta, the Oosterschelde. <br />
Around 1300AD it was one of the biggest towns in Hol...<b>.</b> (c) Meg. Portal contributors.<br />
		     <a href=""http://www.megalithic.co.uk/article.php?sid=58589"" >Link To More Information</a><br />
                    "
5.4397184,51.8864353,0,Streekmuseum Tiel,"
        <b>Type:</b> Museum <b>County/Region:</b> Noord-Brabant <b>Alt Name:</b> Flipje & Streekmuseum TIel <br /> Pos Accuracy: <b>5</b> Condition: <b>5</b> (5 is best)   Ambience: <b>4</b>  Access: <b>5</b>  (5 is best)<br />
                    <b>Lat:</b> 51.8864353 &nbsp;&nbsp;&nbsp;<b>Long</b>: 5.4397184<img src=""http://www.megalithic.co.uk/a558/a312/gallery/benelux/The_Netherlands/thumb/jmc_IMG_2375.jpg"" align=""right"" valign=""top""></a>
<br />
                    Museum in Noord-Brabant. In 1997 a large cult place dating from 4000BC was found in Tiel. <br />
<br />
Three burial mounds were found and remains of houses.<br />
The largest burial mound had a di...<b>.</b> (c) Meg. Portal contributors.<br />
		     <a href=""http://www.megalithic.co.uk/article.php?sid=58679"" >Link To More Information</a><br />
                    "
3.5201197,51.5697046,0,Terra Maris,"
        <b>Type:</b> Museum <b>County/Region:</b> Zeeland <b>Alt Name:</b> Stella Maris <br /> Pos Accuracy: <b>5</b> Condition: <b>5</b> (5 is best)   Ambience: <b>5</b>  Access: <b>5</b>  (5 is best)<br />
                    <b>Lat:</b> 51.5697046 &nbsp;&nbsp;&nbsp;<b>Long</b>: 3.5201197<img src=""http://www.megalithic.co.uk/a558/a312/gallery/benelux/The_Netherlands/thumb/hee_IMG_1672.jpg"" align=""right"" valign=""top""></a>
<br />
                    In the Terra Maris museum you can find a nice presentation of the tremendous changing of the landscapes in the delta  area of the Schelde from 7000BC till 1750AD. In many places in the delta there is ...<b>.</b> (c) Meg. Portal contributors.<br />
		     <a href=""http://www.megalithic.co.uk/article.php?sid=58565"" >Link To More Information</a><br />
                    "
5.30353,52.70793,0,Zuiderzeemuseum,"
        <b>Type:</b> Museum <b>County/Region:</b> Noord-Holland <br /> Pos Accuracy: <b>4</b>  (5 is best)<br />
                    <b>Lat:</b> 52.70793 &nbsp;&nbsp;&nbsp;<b>Long</b>: 5.30353<br />
                    Museum in Noord-Holland. Indoor and outdoor museum, dedicated to the cultural heritage and maritime history of the historic Zuiderzee region. Also has a replica of a Bronze Age farm. <br />
Museum we...<b>.</b> (c) Meg. Portal contributors.<br />
		     <a href=""http://www.megalithic.co.uk/article.php?sid=58956"" >Link To More Information</a><br />
                    "
