X,Y,Z,Name,description
5.386711,52.152739,0,Amersfoortse Kei,"
        <b>Type:</b> Natural Stone / Erratic / Other Natural Feature <b>County/Region:</b> Utrecht <br /> Pos Accuracy: <b>5</b> Condition: <b>4</b> (5 is best)   Ambience: <b>3</b>  Access: <b>5</b>  (5 is best)<br />
                    <b>Lat:</b> 52.152739 &nbsp;&nbsp;&nbsp;<b>Long</b>: 5.386711<img src=""http://www.megalithic.co.uk/a558/a312/gallery/benelux/The_Netherlands/thumb/Amersfoortse_kei.jpg"" align=""right"" valign=""top""></a>
<br />
                    Natural Stone / Erratic / Other Natural Feature in Utrecht. The Amersfoortse Kei is a large erratic giving the city of Amersfoort its nickname ""Keistad"" (boulder city) and its citizens the nickname ""K...<b>.</b> (c) Meg. Portal contributors.<br />
		     <a href=""http://www.megalithic.co.uk/article.php?sid=45160"" >Link To More Information</a><br />
                    "
5.672197,52.055222,0,Bloedsteen,"
        <b>Type:</b> Natural Stone / Erratic / Other Natural Feature <b>County/Region:</b> Gelderland <br /> Pos Accuracy: <b>5</b> Condition: <b>4</b> (5 is best)   Ambience: <b>4</b>  Access: <b>4</b>  (5 is best)<br />
                    <b>Lat:</b> 52.055222 &nbsp;&nbsp;&nbsp;<b>Long</b>: 5.672197<img src=""http://www.megalithic.co.uk/a558/a312/gallery/benelux/The_Netherlands/thumb/800px-Bloedsteen_te_Ede.jpg"" align=""right"" valign=""top""></a>
<br />
                    Natural Stone / Erratic / Other Natural Feature in Gelderland. The Bloedsteen (bloodstone) is a large erratic in Ede. <br />
<br />
Legend has it a ghost (Het Witte Wief) is haunting this site. The ...<b>.</b> (c) Meg. Portal contributors.<br />
		     <a href=""http://www.megalithic.co.uk/article.php?sid=45163"" >Link To More Information</a><br />
                    "
6.42163,52.28389,0,de Dikke Steen van Holten,"
        <b>Type:</b> Natural Stone / Erratic / Other Natural Feature <b>County/Region:</b> Overijssel <br /> Pos Accuracy: <b>5</b> Condition: <b>5</b> (5 is best)   Ambience: <b>4</b>  Access: <b>5</b>  (5 is best)<br />
                    <b>Lat:</b> 52.28389 &nbsp;&nbsp;&nbsp;<b>Long</b>: 6.42163<img src=""http://www.megalithic.co.uk/a558/a312/gallery/benelux/The_Netherlands/thumb/17_7.jpgmediaclass-fancybox-big-img.5a17fc1f47.jpg"" align=""right"" valign=""top""></a>
<br />
                    Erratic stone, weighing 8.010 kg. Found in an agrarian field in 1914 and moved to the centre of the village in 1926, now in front of the local railway station.. http://www.canonvannederland.nl/nl/over...<b>.</b> (c) Meg. Portal contributors.<br />
		     <a href=""http://www.megalithic.co.uk/article.php?sid=60196"" >Link To More Information</a><br />
                    "
5.123139,52.084478,0,De Gesloten Steen,"
        <b>Type:</b> Natural Stone / Erratic / Other Natural Feature <b>County/Region:</b> Utrecht <b>Alt Name:</b> duivelssteen <br /> Pos Accuracy: <b>5</b> Condition: <b>4</b> (5 is best)   Ambience: <b>3</b>  Access: <b>5</b>  (5 is best)<br />
                    <b>Lat:</b> 52.084478 &nbsp;&nbsp;&nbsp;<b>Long</b>: 5.123139<img src=""http://www.megalithic.co.uk/a558/a312/gallery/benelux/The_Netherlands/thumb/Utrecht_-_De_Gesloten_Steen_-_Oudegracht_364_-.jpg"" align=""right"" valign=""top""></a>
<br />
                    Natural Stone / Erratic / Other Natural Feature in Utrecht. The gesloten steen (locked stone) is a large erratic in downtown Utrecht. This national monument is chained to a building which is named aft...<b>.</b> (c) Meg. Portal contributors.<br />
		     <a href=""http://www.megalithic.co.uk/article.php?sid=45161"" >Link To More Information</a><br />
                    "
6.73438,52.85403,0,De Kielse Kei,"
        <b>Type:</b> Natural Stone / Erratic / Other Natural Feature <b>County/Region:</b> Drenthe <br /> Pos Accuracy: <b>4</b>  Access: <b>4</b>  (5 is best)<br />
                    <b>Lat:</b> 52.85403 &nbsp;&nbsp;&nbsp;<b>Long</b>: 6.73438<img src=""http://www.megalithic.co.uk/a558/a312/gallery/benelux/The_Netherlands/thumb/DeKielseKei.jpg"" align=""right"" valign=""top""></a>
<br />
                    Erratic in Drenthe. This large stray block is located in a hole on the edge of a small heather field. The rounded shape is characteristic of blocks created by the weathering of granite rocks. The stra...<b>.</b> (c) Meg. Portal contributors.<br />
		     <a href=""http://www.megalithic.co.uk/article.php?sid=54711"" >Link To More Information</a><br />
                    "
6.968386,52.320236,0,De Olifant,"
        <b>Type:</b> Natural Stone / Erratic / Other Natural Feature <b>County/Region:</b> Overijssel <b>Alt Name:</b> The Elephant <br /> Pos Accuracy: <b>4</b> Condition: <b>5</b> (5 is best)   Ambience: <b>3</b>  Access: <b>5</b>  (5 is best)<br />
                    <b>Lat:</b> 52.320236 &nbsp;&nbsp;&nbsp;<b>Long</b>: 6.968386<img src=""http://www.megalithic.co.uk/a558/a312/gallery/benelux/The_Netherlands/thumb/ioh_P1140516.jpg"" align=""right"" valign=""top""></a>
<br />
                    Erratic in Overijssel. De Olifant (The Elephant) is a large glacial erratic placed on the corner of the Bentheimerstraat and the Kruisseltlaan in De Lutte.<br />
<br />
In 2014 it was relocated to a...<b>.</b> (c) Meg. Portal contributors.<br />
		     <a href=""http://www.megalithic.co.uk/article.php?sid=46906"" >Link To More Information</a><br />
                    "
4.95272,52.89735,0,De steen van Westerklief,"
        <b>Type:</b> Natural Stone / Erratic / Other Natural Feature <b>County/Region:</b> Noord-Holland <br /> Pos Accuracy: <b>4</b>  (5 is best)<br />
                    <b>Lat:</b> 52.89735 &nbsp;&nbsp;&nbsp;<b>Long</b>: 4.95272<br />
                    Natural Stone / Erratic / Other Natural Feature in Noord-Holland. Glacial boulder surrounded with folklore....<b>.</b> (c) Meg. Portal contributors.<br />
		     <a href=""http://www.megalithic.co.uk/article.php?sid=58623"" >Link To More Information</a><br />
                    "
6.4004231,52.4668097,0,Dikke Steen,"
        <b>Type:</b> Natural Stone / Erratic / Other Natural Feature <b>County/Region:</b> Overijssel <br /> Pos Accuracy: <b>5</b> Condition: <b>5</b> (5 is best)   Ambience: <b>5</b>  Access: <b>3</b>  (5 is best)<br />
                    <b>Lat:</b> 52.4668097 &nbsp;&nbsp;&nbsp;<b>Long</b>: 6.4004231<img src=""http://www.megalithic.co.uk/a558/a312/gallery/benelux/The_Netherlands/thumb/dikkesteen2.jpg"" align=""right"" valign=""top""></a>
<br />
                    Natural Stone / Erratic / Other Natural Feature in Overijssel. The Dikke Steen (dutch for ""Fat Rock"") is a glacial erratic. It measures 4,2 x 2,6 x 2,2m. It is a swedish granite gneiss....<b>.</b> (c) Meg. Portal contributors.<br />
		     <a href=""http://www.megalithic.co.uk/article.php?sid=44206"" >Link To More Information</a><br />
                    "
6.48042,52.22428,0,Dikke Steen (Markelo),"
        <b>Type:</b> Natural Stone / Erratic / Other Natural Feature <b>County/Region:</b> Overijssel <br /> Pos Accuracy: <b>4</b> Condition: <b>4</b> (5 is best)   Ambience: <b>4</b>  Access: <b>4</b>  (5 is best)<br />
                    <b>Lat:</b> 52.22428 &nbsp;&nbsp;&nbsp;<b>Long</b>: 6.48042<img src=""http://www.megalithic.co.uk/a558/a312/gallery/benelux/The_Netherlands/thumb/zvpm_DSC08499.jpg"" align=""right"" valign=""top""></a>
<br />
                    Natural Stone / Erratic / Other Natural Feature in Overijssel. ...<b>.</b> (c) Meg. Portal contributors.<br />
		     <a href=""http://www.megalithic.co.uk/article.php?sid=61004"" >Link To More Information</a><br />
                    "
5.11318,52.3276,0,Floriskei,"
        <b>Type:</b> Natural Stone / Erratic / Other Natural Feature <b>County/Region:</b> Noord-Holland <br /> Pos Accuracy: <b>4</b>  (5 is best)<br />
                    <b>Lat:</b> 52.3276 &nbsp;&nbsp;&nbsp;<b>Long</b>: 5.11318<img src=""http://www.megalithic.co.uk/a558/a312/gallery/benelux/The_Netherlands/thumb/kvis_DSC08524.jpg"" align=""right"" valign=""top""></a>
<br />
                    Natural Stone / Erratic / Other Natural Feature in Noord-Holland. Boulder, memorial for the Dutch count Floris V (1254 - 1296), who allegedly was killed on this spot. ...<b>.</b> (c) Meg. Portal contributors.<br />
		     <a href=""http://www.megalithic.co.uk/article.php?sid=59005"" >Link To More Information</a><br />
                    "
6.0878,52.808,0,Geologisch Monument Wolterholten,"
        <b>Type:</b> Natural Stone / Erratic / Other Natural Feature <br /> Pos Accuracy: <b>5</b>  Access: <b>5</b>  (5 is best)<br />
                    <b>Lat:</b> 52.808 &nbsp;&nbsp;&nbsp;<b>Long</b>: 6.0878<img src=""http://www.megalithic.co.uk/a558/a312/gallery/benelux/The_Netherlands/thumb/fjw_DSCN0140M.jpg"" align=""right"" valign=""top""></a>
<br />
                    Natural Stone / Erratic / Other Natural Feature in Netherlands. 'Geologisch monument Wolterholten' (Geological monument Wolterholten) is a collection of erratics northwest of Steenwijk.<br />
<br />
...<b>.</b> (c) Meg. Portal contributors.<br />
		     <a href=""http://www.megalithic.co.uk/article.php?sid=48164"" >Link To More Information</a><br />
                    "
6.68822,52.74628,0,Kei van Gees,"
        <b>Type:</b> Natural Stone / Erratic / Other Natural Feature <b>County/Region:</b> Drenthe <br /> Pos Accuracy: <b>5</b> Condition: <b>4</b> (5 is best)   Ambience: <b>3</b>  Access: <b>5</b>  (5 is best)<br />
                    <b>Lat:</b> 52.74628 &nbsp;&nbsp;&nbsp;<b>Long</b>: 6.68822<img src=""http://www.megalithic.co.uk/a558/a312/gallery/benelux/The_Netherlands/thumb/20210624_122905b.jpg"" align=""right"" valign=""top""></a>
<br />
                    Erratic in Drenthe. Glacial erratic in Gees measuring 3.30x2.30x1.90m and weighing over 24 tons.<br />
<br />
Source and further reading (Dutch): www.kijkeensomlaag.nl<br />
<br />

...<b>.</b> (c) Meg. Portal contributors.<br />
		     <a href=""http://www.megalithic.co.uk/article.php?sid=48192"" >Link To More Information</a><br />
                    "
5.171667,52.225278,0,Kei van Hilversum,"
        <b>Type:</b> Natural Stone / Erratic / Other Natural Feature <b>County/Region:</b> Noord-Holland <b>Alt Name:</b> De Zwerver <br /> Pos Accuracy: <b>5</b> Condition: <b>4</b> (5 is best)   Ambience: <b>3</b>  Access: <b>5</b>  (5 is best)<br />
                    <b>Lat:</b> 52.225278 &nbsp;&nbsp;&nbsp;<b>Long</b>: 5.171667<img src=""http://www.megalithic.co.uk/a558/a312/gallery/benelux/The_Netherlands/thumb/Hilversum_Kei_2015.JPG"" align=""right"" valign=""top""></a>
<br />
                    Natural Stone / Erratic / Other Natural Feature in Noord-Holland. The Kei van Hilversum (Hilversum Boulder) is a large erratic weighing 13 metric tons. In the middle ages it served as a border marker ...<b>.</b> (c) Meg. Portal contributors.<br />
		     <a href=""http://www.megalithic.co.uk/article.php?sid=45159"" >Link To More Information</a><br />
                    "
5.22229,52.18011,0,Kei van Lage Vuursche,"
        <b>Type:</b> Natural Stone / Erratic / Other Natural Feature <b>County/Region:</b> Utrecht <br /> Pos Accuracy: <b>5</b>  Access: <b>5</b>  (5 is best)<br />
                    <b>Lat:</b> 52.18011 &nbsp;&nbsp;&nbsp;<b>Long</b>: 5.22229<br />
                    Natural Stone / Erratic / Other Natural Feature in Utrecht. The 'Kei van Lage Vuursche' (Lage Vuursche Boulder) is an erratic and a national monument. It was probably dug up around the year 1800 near ...<b>.</b> (c) Meg. Portal contributors.<br />
		     <a href=""http://www.megalithic.co.uk/article.php?sid=48165"" >Link To More Information</a><br />
                    "
6.8967453132404,52.227663687004,0,Kei van O,"
        <b>Type:</b> Natural Stone / Erratic / Other Natural Feature <b>County/Region:</b> Overijssel <br /> Pos Accuracy: <b>4</b> Condition: <b>5</b> (5 is best)   Ambience: <b>4</b>  Access: <b>5</b>  (5 is best)<br />
                    <b>Lat:</b> 52.227663687004 &nbsp;&nbsp;&nbsp;<b>Long</b>: 6.8967453132404<img src=""http://www.megalithic.co.uk/a558/a312/gallery/benelux/The_Netherlands/thumb/20210704_120050.jpg"" align=""right"" valign=""top""></a>
<br />
                    Glacial erratic in front of the Rijksmuseum Twenthe. The stone was a citizens gift to Bernhard van Heek, the founder of the museum. The stone weights 28 tonnes.. The stone was named 'Kei van O' by loc...<b>.</b> (c) Meg. Portal contributors.<br />
		     <a href=""http://www.megalithic.co.uk/article.php?sid=55462"" >Link To More Information</a><br />
                    "
6.11694,52.81644,0,Koe en Kalf,"
        <b>Type:</b> Natural Stone / Erratic / Other Natural Feature <b>County/Region:</b> Overijssel <br /> Pos Accuracy: <b>5</b>  Ambience: <b>4</b>  Access: <b>4</b>  (5 is best)<br />
                    <b>Lat:</b> 52.81644 &nbsp;&nbsp;&nbsp;<b>Long</b>: 6.11694<img src=""http://www.megalithic.co.uk/a558/a312/gallery/benelux/The_Netherlands/thumb/nbc_DSCN0137M.jpg"" align=""right"" valign=""top""></a>
<br />
                    'Koe en Kalf' (Cow and Calf) are two large erratics near Steenwijk. They are located on top of a low hill called 'De Bult' surrounded by a half circle of trees. Legend has it that it used to be an old...<b>.</b> (c) Meg. Portal contributors.<br />
		     <a href=""http://www.megalithic.co.uk/article.php?sid=48163"" >Link To More Information</a><br />
                    "
6.567865,51.987294,0,Koningssteen,"
        <b>Type:</b> Natural Stone / Erratic / Other Natural Feature <b>County/Region:</b> Gelderland <br /> Pos Accuracy: <b>5</b> Condition: <b>5</b> (5 is best)   Ambience: <b>3</b>  Access: <b>5</b>  (5 is best)<br />
                    <b>Lat:</b> 51.987294 &nbsp;&nbsp;&nbsp;<b>Long</b>: 6.567865<img src=""http://www.megalithic.co.uk/a558/a312/gallery/benelux/The_Netherlands/thumb/IMG_0673_Lichtenvoorde.jpg"" align=""right"" valign=""top""></a>
<br />
                    Natural Stone / Erratic / Other Natural Feature in Gelderland. On the market square in Lichtenvoorde stands a 20 tonne glacial erratic known as the Koningssteen (Kings Stone). It was found in the Vrag...<b>.</b> (c) Meg. Portal contributors.<br />
		     <a href=""http://www.megalithic.co.uk/article.php?sid=48198"" >Link To More Information</a><br />
                    "
6.79781,53.34619,0,Leermster Stain,"
        <b>Type:</b> Natural Stone / Erratic / Other Natural Feature <b>County/Region:</b> Groningen <br /> Pos Accuracy: <b>5</b> Condition: <b>4</b> (5 is best)   Ambience: <b>3</b>  Access: <b>5</b>  (5 is best)<br />
                    <b>Lat:</b> 53.34619 &nbsp;&nbsp;&nbsp;<b>Long</b>: 6.79781<img src=""http://www.megalithic.co.uk/a558/a312/gallery/benelux/The_Netherlands/thumb/asq_DSC00056.jpg"" align=""right"" valign=""top""></a>
<br />
                    Natural Stone / Erratic / Other Natural Feature in Groningen. In front of the church in Leermens stands a glacial erratic known locally as the Leermster Stain. There used to be another stone at this l...<b>.</b> (c) Meg. Portal contributors.<br />
		     <a href=""http://www.megalithic.co.uk/article.php?sid=48197"" >Link To More Information</a><br />
                    "
5.431112,52.015256,0,Leersumse Kei,"
        <b>Type:</b> Natural Stone / Erratic / Other Natural Feature <b>County/Region:</b> Utrecht <b>Alt Name:</b> Kei van Leersum <br /> Pos Accuracy: <b>5</b> Condition: <b>5</b> (5 is best)   Ambience: <b>2</b>  Access: <b>5</b>  (5 is best)<br />
                    <b>Lat:</b> 52.015256 &nbsp;&nbsp;&nbsp;<b>Long</b>: 5.431112<img src=""http://www.megalithic.co.uk/a558/a312/gallery/benelux/The_Netherlands/thumb/Leersumse_Kei.jpg"" align=""right"" valign=""top""></a>
<br />
                    De Leersumse Kei is a large glacial erratic in Leersum. It was found in 1900 and it weighs around 12 tons.. Source and further reading: www.aardkundigewaarden.nl...<b>.</b> (c) Meg. Portal contributors.<br />
		     <a href=""http://www.megalithic.co.uk/article.php?sid=48219"" >Link To More Information</a><br />
                    "
6.495427,52.234389,0,Long Tom (Markelo),"
        <b>Type:</b> Natural Stone / Erratic / Other Natural Feature <b>County/Region:</b> Overijssel <br /> Pos Accuracy: <b>5</b> Condition: <b>5</b> (5 is best)   Ambience: <b>2</b>  Access: <b>5</b>  (5 is best)<br />
                    <b>Lat:</b> 52.234389 &nbsp;&nbsp;&nbsp;<b>Long</b>: 6.495427<br />
                    Natural Stone / Erratic / Other Natural Feature in Overijssel. Long Tom is a large glacial erratic at the tourist office in Markelo. It was found somewhere around 1900 on the Kattenberg and moved to i...<b>.</b> (c) Meg. Portal contributors.<br />
		     <a href=""http://www.megalithic.co.uk/article.php?sid=48226"" >Link To More Information</a><br />
                    "
6.46099,53.06636,0,Norg Kerk Hunebed,"
        <b>Type:</b> Natural Stone / Erratic / Other Natural Feature <b>County/Region:</b> Drenthe <br /> Pos Accuracy: <b>5</b> Condition: <b>2</b> (5 is best)   Ambience: <b>3</b>  Access: <b>5</b>  (5 is best)<br />
                    <b>Lat:</b> 53.06636 &nbsp;&nbsp;&nbsp;<b>Long</b>: 6.46099<img src=""http://www.megalithic.co.uk/a558/a312/gallery/benelux/The_Netherlands/thumb/Norg_kerk.jpg"" align=""right"" valign=""top""></a>
<br />
                    Erratics at Norg in Drenthe. . Just a few stones of a long-trashed hunebed lie in the graveyard of Norg church on the main drag of the village. We also spotted some stones which had been tarmac'd arou...<b>.</b> (c) Meg. Portal contributors.<br />
		     <a href=""http://www.megalithic.co.uk/article.php?sid=11060"" >Link To More Information</a><br />
                    "
5.59097,52.66175,0,Ommelebommelesteen,"
        <b>Type:</b> Natural Stone / Erratic / Other Natural Feature <b>County/Region:</b> Flevoland <b>Alt Name:</b> OmmelebommelestiÃªn <br /> Pos Accuracy: <b>4</b> Condition: <b>5</b> (5 is best)   Ambience: <b>4</b>  Access: <b>3</b>  (5 is best)<br />
                    <b>Lat:</b> 52.66175 &nbsp;&nbsp;&nbsp;<b>Long</b>: 5.59097<br />
                    Natural Stone / Erratic / Other Natural Feature in Flevoland. Erratic stone in the IJsselmeer (previously Zuiderzee), visible from the shore of the former fisher's island Urk, surrounded with folklore...<b>.</b> (c) Meg. Portal contributors.<br />
		     <a href=""http://www.megalithic.co.uk/article.php?sid=58595"" >Link To More Information</a><br />
                    "
6.81642,52.87269,0,Poolshoogte zwerfstenen,"
        <b>Type:</b> Natural Stone / Erratic / Other Natural Feature <b>County/Region:</b> Drenthe <br /> Pos Accuracy: <b>5</b> Condition: <b>3</b> (5 is best)   Ambience: <b>3</b>  Access: <b>5</b>  (5 is best)<br />
                    <b>Lat:</b> 52.87269 &nbsp;&nbsp;&nbsp;<b>Long</b>: 6.81642<img src=""http://www.megalithic.co.uk/a558/a312/gallery/benelux/The_Netherlands/thumb/20210623_112224.jpg"" align=""right"" valign=""top""></a>
<br />
                    Natural Stone / Erratic / Other Natural Feature in Drenthe. At least two erratics: the first stands next to the terrace of restaurant âPoolshoogteâ and has a split top. <br /><br />
The second on...<b>.</b> (c) Meg. Portal contributors.<br />
		     <a href=""http://www.megalithic.co.uk/article.php?sid=56089"" >Link To More Information</a><br />
                    "
5.98417,53.19255,0,Poppestien,"
        <b>Type:</b> Natural Stone / Erratic / Other Natural Feature <b>County/Region:</b> Friesland <b>Alt Name:</b> Poppesteen. <br /> Pos Accuracy: <b>5</b> Condition: <b>4</b> (5 is best)   Ambience: <b>3</b>  Access: <b>5</b>  (5 is best)<br />
                    <b>Lat:</b> 53.19255 &nbsp;&nbsp;&nbsp;<b>Long</b>: 5.98417<img src=""http://www.megalithic.co.uk/a558/a312/gallery/benelux/The_Netherlands/thumb/20210622_105057.jpg"" align=""right"" valign=""top""></a>
<br />
                    Big flat boulder of pink granite in Friesland. Was moved to this spot in the 19th century, originally it was placed on a small flat hill, surrounded by trees. According to local lore, the stone is con...<b>.</b> (c) Meg. Portal contributors.<br />
		     <a href=""http://www.megalithic.co.uk/article.php?sid=53880"" >Link To More Information</a><br />
                    "
6.702016,52.018051,0,Steen van Meddo,"
        <b>Type:</b> Natural Stone / Erratic / Other Natural Feature <b>County/Region:</b> Gelderland <br /> Pos Accuracy: <b>5</b>  Access: <b>5</b>  (5 is best)<br />
                    <b>Lat:</b> 52.018051 &nbsp;&nbsp;&nbsp;<b>Long</b>: 6.702016<br />
                    Natural Stone / Erratic / Other Natural Feature in Gelderland. On the grounds of the local soccer club in Meddo there is a large glacial erratic measuring 4.5 x 2.85 x 2.1 m and weighing around 40.000...<b>.</b> (c) Meg. Portal contributors.<br />
		     <a href=""http://www.megalithic.co.uk/article.php?sid=48195"" >Link To More Information</a><br />
                    "
6.872522,52.770136,0,Steen van Noordbarge,"
        <b>Type:</b> Natural Stone / Erratic / Other Natural Feature <b>County/Region:</b> Drenthe <b>Alt Name:</b> D48, The Noordbarge Stone <br /> Pos Accuracy: <b>5</b> Condition: <b>3</b> (5 is best)   Ambience: <b>3</b>  Access: <b>4</b>  (5 is best)<br />
                    <b>Lat:</b> 52.770136 &nbsp;&nbsp;&nbsp;<b>Long</b>: 6.872522<img src=""http://www.megalithic.co.uk/a558/a312/gallery/benelux/The_Netherlands/thumb/20210625_133601.jpg"" align=""right"" valign=""top""></a>
<br />
                    The Steen van Noordbarge (Noordbarge Stone) is a glacial erratic that was in the past wrongly identified as a hunebed (passage grave). When Albert van Giffen was cataloguing the passage graves in Dren...<b>.</b> (c) Meg. Portal contributors.<br />
		     <a href=""http://www.megalithic.co.uk/article.php?sid=45134"" >Link To More Information</a><br />
                    "
6.9287,52.808938,0,The Broken Circle,"
        <b>Type:</b> Natural Stone / Erratic / Other Natural Feature <b>County/Region:</b> Drenthe <br /> Pos Accuracy: <b>5</b>  Access: <b>4</b>  (5 is best)<br />
                    <b>Lat:</b> 52.808938 &nbsp;&nbsp;&nbsp;<b>Long</b>: 6.9287<br />
                    Erratic in Drenthe. The Broken Circle is an artwork (land art) from 1971 by Robert Smithson. At the centre of the circle lies a 40.8 tonne glacial erratic.<br />
<br />
The dimensions are: 4.50 x 2....<b>.</b> (c) Meg. Portal contributors.<br />
		     <a href=""http://www.megalithic.co.uk/article.php?sid=48189"" >Link To More Information</a><br />
                    "
6.700614,52.905042,0,Trekkerskei,"
        <b>Type:</b> Natural Stone / Erratic / Other Natural Feature <b>County/Region:</b> Drenthe <br /> Pos Accuracy: <b>5</b> Condition: <b>5</b> (5 is best)   Ambience: <b>3</b>  Access: <b>5</b>  (5 is best)<br />
                    <b>Lat:</b> 52.905042 &nbsp;&nbsp;&nbsp;<b>Long</b>: 6.700614<img src=""http://www.megalithic.co.uk/a558/a312/gallery/benelux/The_Netherlands/thumb/SAM_5857_Trekkerskei.JPG"" align=""right"" valign=""top""></a>
<br />
                    The Trekkerskei is a large glacial erratic in the village of Schoonloo. It was discovered in 1966 and weighs over 25.000 kg. It used to stand in the village of Rolde. ...<b>.</b> (c) Meg. Portal contributors.<br />
		     <a href=""http://www.megalithic.co.uk/article.php?sid=48176"" >Link To More Information</a><br />
                    "
6.76672,52.90448,0,Westdorper zwerfkeien,"
        <b>Type:</b> Natural Stone / Erratic / Other Natural Feature <b>County/Region:</b> Drenthe <b>Alt Name:</b> Westdorp pseudo hunebed <br /> Pos Accuracy: <b>5</b> Condition: <b>4</b> (5 is best)   Ambience: <b>3</b>  Access: <b>5</b>  (5 is best)<br />
                    <b>Lat:</b> 52.90448 &nbsp;&nbsp;&nbsp;<b>Long</b>: 6.76672<img src=""http://www.megalithic.co.uk/a558/a312/gallery/benelux/The_Netherlands/thumb/flk50362532347.jpg"" align=""right"" valign=""top""></a>
<br />
                    Natural Stone / Erratic / Other Natural Feature in Drenthe. In 2002 this ""hunebed"" was built by farmers, with boulders from the area. Initially it was tolerated by the municipality of Borger Odoorn, b...<b>.</b> (c) Meg. Portal contributors.<br />
		     <a href=""http://www.megalithic.co.uk/article.php?sid=54712"" >Link To More Information</a><br />
                    "
5.18313,52.2508,0,Zwerfkei Aardjesberg,"
        <b>Type:</b> Natural Stone / Erratic / Other Natural Feature <b>County/Region:</b> Noord-Holland <br /> Pos Accuracy: <b>4</b>  (5 is best)<br />
                    <b>Lat:</b> 52.2508 &nbsp;&nbsp;&nbsp;<b>Long</b>: 5.18313<img src=""http://www.megalithic.co.uk/a558/a312/gallery/benelux/The_Netherlands/thumb/zgf_IMG_2195.jpg"" align=""right"" valign=""top""></a>
<br />
                    Boulder, probably coming from the loam pit nearby. The pit was started in prehistoric times but was later enlarged.. Dutch article  about the archaeological significance of the area. <br />
...<b>.</b> (c) Meg. Portal contributors.<br />
		     <a href=""http://www.megalithic.co.uk/article.php?sid=58854"" >Link To More Information</a><br />
                    "
6.83233,52.93089,0,Zwerfkei Buinen,"
        <b>Type:</b> Natural Stone / Erratic / Other Natural Feature <b>County/Region:</b> Drenthe <br /> Pos Accuracy: <b>5</b> Condition: <b>3</b> (5 is best)   Ambience: <b>3</b>  Access: <b>5</b>  (5 is best)<br />
                    <b>Lat:</b> 52.93089 &nbsp;&nbsp;&nbsp;<b>Long</b>: 6.83233<img src=""http://www.megalithic.co.uk/a558/a312/gallery/benelux/The_Netherlands/thumb/20210617_153844.jpg"" align=""right"" valign=""top""></a>
<br />
                    Natural Stone / Erratic / Other Natural Feature in Drenthe. Large erratic laying along the Hoofdstraat in a piece of green, surrounded by flowers...<b>.</b> (c) Meg. Portal contributors.<br />
		     <a href=""http://www.megalithic.co.uk/article.php?sid=54714"" >Link To More Information</a><br />
                    "
6.73467,53.01653,0,Zwerfkei Eext,"
        <b>Type:</b> Natural Stone / Erratic / Other Natural Feature <b>County/Region:</b> Drenthe <br /> Pos Accuracy: <b>5</b> Condition: <b>3</b> (5 is best)   Ambience: <b>3</b>  Access: <b>5</b>  (5 is best)<br />
                    <b>Lat:</b> 53.01653 &nbsp;&nbsp;&nbsp;<b>Long</b>: 6.73467<img src=""http://www.megalithic.co.uk/a558/a312/gallery/benelux/The_Netherlands/thumb/cvt_DSC00102.jpg"" align=""right"" valign=""top""></a>
<br />
                    Natural Stone / Erratic / Other Natural Feature in Drenthe. Enormous block of granite, about 2 meters large, near the corner of Kerkstraat and Brinkstraat...<b>.</b> (c) Meg. Portal contributors.<br />
		     <a href=""http://www.megalithic.co.uk/article.php?sid=54715"" >Link To More Information</a><br />
                    "
6.89894,52.78936,0,Zwerfkei Emmen Stationsplein,"
        <b>Type:</b> Natural Stone / Erratic / Other Natural Feature <b>County/Region:</b> Drenthe <br /> Pos Accuracy: <b>5</b> Condition: <b>4</b> (5 is best)   Ambience: <b>3</b>  Access: <b>5</b>  (5 is best)<br />
                    <b>Lat:</b> 52.78936 &nbsp;&nbsp;&nbsp;<b>Long</b>: 6.89894<img src=""http://www.megalithic.co.uk/a558/a312/gallery/benelux/The_Netherlands/thumb/20210625_114413b.jpg"" align=""right"" valign=""top""></a>
<br />
                    Natural Stone / Erratic / Other Natural Feature in Drenthe. ...<b>.</b> (c) Meg. Portal contributors.<br />
		     <a href=""http://www.megalithic.co.uk/article.php?sid=54717"" >Link To More Information</a><br />
                    "
6.66925,52.93722,0,Zwerfkei Grolloo,"
        <b>Type:</b> Natural Stone / Erratic / Other Natural Feature <b>County/Region:</b> Drenthe <br /> Pos Accuracy: <b>5</b> Condition: <b>4</b> (5 is best)   Ambience: <b>3</b>  Access: <b>5</b>  (5 is best)<br />
                    <b>Lat:</b> 52.93722 &nbsp;&nbsp;&nbsp;<b>Long</b>: 6.66925<img src=""http://www.megalithic.co.uk/a558/a312/gallery/benelux/The_Netherlands/thumb/wwu_IMG_3688M.jpg"" align=""right"" valign=""top""></a>
<br />
                    Natural Stone / Erratic in Drenthe. ...<b>.</b> (c) Meg. Portal contributors.<br />
		     <a href=""http://www.megalithic.co.uk/article.php?sid=54718"" >Link To More Information</a><br />
                    "
4.974438,51.826493,0,Zwerfkei Plusminus,"
        <b>Type:</b> Natural Stone / Erratic / Other Natural Feature <b>County/Region:</b> Zuid-Holland <br /> Pos Accuracy: <b>4</b> Condition: <b>5</b> (5 is best)   Ambience: <b>4</b>  Access: <b>5</b>  (5 is best)<br />
                    <b>Lat:</b> 51.826493 &nbsp;&nbsp;&nbsp;<b>Long</b>: 4.974438<img src=""http://www.megalithic.co.uk/a558/a312/gallery/benelux/The_Netherlands/thumb/20190915_144632.jpg"" align=""right"" valign=""top""></a>
<br />
                    Natural Stone / Erratic / Other Natural Feature in Zuid-Holland. Glacial erratic used in an artwork called Plusminus. The artwork is by Ewerdt Hilgemann & Jan van Munster and is located in the Wilhelm...<b>.</b> (c) Meg. Portal contributors.<br />
		     <a href=""http://www.megalithic.co.uk/article.php?sid=52358"" >Link To More Information</a><br />
                    "
6.80211,52.77253,0,Zwerfkei Sleen,"
        <b>Type:</b> Natural Stone / Erratic / Other Natural Feature <b>County/Region:</b> Drenthe <br /> Pos Accuracy: <b>5</b> Condition: <b>4</b> (5 is best)   Ambience: <b>3</b>  Access: <b>5</b>  (5 is best)<br />
                    <b>Lat:</b> 52.77253 &nbsp;&nbsp;&nbsp;<b>Long</b>: 6.80211<img src=""http://www.megalithic.co.uk/a558/a312/gallery/benelux/The_Netherlands/thumb/20210624_113018.jpg"" align=""right"" valign=""top""></a>
<br />
                    Natural Stone / Erratic / Other Natural Feature in Drenthe. ...<b>.</b> (c) Meg. Portal contributors.<br />
		     <a href=""http://www.megalithic.co.uk/article.php?sid=54716"" >Link To More Information</a><br />
                    "
6.75425,52.92408,0,Zwerfkei Strengenweg,"
        <b>Type:</b> Natural Stone / Erratic / Other Natural Feature <b>County/Region:</b> Drenthe <br /> Pos Accuracy: <b>5</b> Condition: <b>4</b> (5 is best)   Ambience: <b>3</b>  Access: <b>5</b>  (5 is best)<br />
                    <b>Lat:</b> 52.92408 &nbsp;&nbsp;&nbsp;<b>Long</b>: 6.75425<img src=""http://www.megalithic.co.uk/a558/a312/gallery/benelux/The_Netherlands/thumb/20210616_165820.jpg"" align=""right"" valign=""top""></a>
<br />
                    Natural Stone / Erratic / Other Natural Feature in Drenthe. Menhir-like erratic next to the road at a camping place....<b>.</b> (c) Meg. Portal contributors.<br />
		     <a href=""http://www.megalithic.co.uk/article.php?sid=54713"" >Link To More Information</a><br />
                    "
7.006507,53.050841,0,Zwerfsteen Alteveer,"
        <b>Type:</b> Natural Stone / Erratic / Other Natural Feature <b>County/Region:</b> Groningen <br /> Pos Accuracy: <b>5</b> Condition: <b>4</b> (5 is best)   Ambience: <b>3</b>  Access: <b>5</b>  (5 is best)<br />
                    <b>Lat:</b> 53.050841 &nbsp;&nbsp;&nbsp;<b>Long</b>: 7.006507<img src=""http://www.megalithic.co.uk/a558/a312/gallery/benelux/The_Netherlands/thumb/zqw_DSC00043.jpg"" align=""right"" valign=""top""></a>
<br />
                    Erratic in Groningen. This 30 tons erratic can be found along the Keiweg in Alteveer.<br />
<br />Maybe too big to build a tomb!<br /><br /><br />
Streetview:<br />
...<b>.</b> (c) Meg. Portal contributors.<br />
		     <a href=""http://www.megalithic.co.uk/article.php?sid=48186"" >Link To More Information</a><br />
                    "
6.799558,52.924458,0,Zwerfsteen Borger,"
        <b>Type:</b> Natural Stone / Erratic / Other Natural Feature <b>County/Region:</b> Drenthe <br /> Pos Accuracy: <b>5</b> Condition: <b>5</b> (5 is best)   Ambience: <b>2</b>  Access: <b>5</b>  (5 is best)<br />
                    <b>Lat:</b> 52.924458 &nbsp;&nbsp;&nbsp;<b>Long</b>: 6.799558<img src=""http://www.megalithic.co.uk/a558/a312/gallery/benelux/The_Netherlands/thumb/20210617_160101b.jpg"" align=""right"" valign=""top""></a>
<br />
                    Natural Stone / Erratic / Other Natural Feature in Drenthe. This large glacial erratic stands in the middle of a roundabout in the Buinerweg in Borger. It weighs around 25 tons and measures 2.20x1.80x...<b>.</b> (c) Meg. Portal contributors.<br />
		     <a href=""http://www.megalithic.co.uk/article.php?sid=48205"" >Link To More Information</a><br />
                    "
5.815903,52.418554,0,Zwerfsteen Doornspijk,"
        <b>Type:</b> Natural Stone / Erratic / Other Natural Feature <b>County/Region:</b> Gelderland <br /> Pos Accuracy: <b>5</b> Condition: <b>5</b> (5 is best)   Ambience: <b>2</b>  Access: <b>5</b>  (5 is best)<br />
                    <b>Lat:</b> 52.418554 &nbsp;&nbsp;&nbsp;<b>Long</b>: 5.815903<br />
                    Erratic in Gelderland. This 7.5 tonne glacial erratic was found during construction of the A28<br />
<br />
Source and further reading (Dutch): www.de-veluwenaar.nl<br />
<br />
Streetview:<br />
...<b>.</b> (c) Meg. Portal contributors.<br />
		     <a href=""http://www.megalithic.co.uk/article.php?sid=48209"" >Link To More Information</a><br />
                    "
6.73597,53.01847,0,Zwerfsteen Eext,"
        <b>Type:</b> Natural Stone / Erratic / Other Natural Feature <b>County/Region:</b> Drenthe <br /> Pos Accuracy: <b>5</b> Condition: <b>3</b> (5 is best)   Ambience: <b>3</b>  Access: <b>5</b>  (5 is best)<br />
                    <b>Lat:</b> 53.01847 &nbsp;&nbsp;&nbsp;<b>Long</b>: 6.73597<img src=""http://www.megalithic.co.uk/a558/a312/gallery/benelux/The_Netherlands/thumb/ffc_DSC00098.jpg"" align=""right"" valign=""top""></a>
<br />
                    Natural Stone / Erratic / Other Natural Feature in Drenthe. (Standing) erratic of ca. 1,5 meters high near the corner of Kerkstraat and Kloosterstraat...<b>.</b> (c) Meg. Portal contributors.<br />
		     <a href=""http://www.megalithic.co.uk/article.php?sid=56073"" >Link To More Information</a><br />
                    "
6.935277,52.80826,0,Zwerfsteen Emmerschans,"
        <b>Type:</b> Natural Stone / Erratic / Other Natural Feature <b>County/Region:</b> Drenthe <br /> Pos Accuracy: <b>5</b> Condition: <b>5</b> (5 is best)   Ambience: <b>3</b>  Access: <b>5</b>  (5 is best)<br />
                    <b>Lat:</b> 52.80826 &nbsp;&nbsp;&nbsp;<b>Long</b>: 6.935277<br />
                    Natural Stone / Erratic / Other Natural Feature in Drenthe. This large glacial erratic stands along the Emmerhoutstraat in Emmen. It weighs around 13.5 tons and the size is 3.50x2.90x2.10m.<br />
<br...<b>.</b> (c) Meg. Portal contributors.<br />
		     <a href=""http://www.megalithic.co.uk/article.php?sid=48204"" >Link To More Information</a><br />
                    "
6.21572,52.79197,0,Zwerfsteen Havelte,"
        <b>Type:</b> Natural Stone / Erratic / Other Natural Feature <b>County/Region:</b> Drenthe <br /> Pos Accuracy: <b>5</b> Condition: <b>4</b> (5 is best)   Ambience: <b>3</b>  Access: <b>5</b>  (5 is best)<br />
                    <b>Lat:</b> 52.79197 &nbsp;&nbsp;&nbsp;<b>Long</b>: 6.21572<img src=""http://www.megalithic.co.uk/a558/a312/gallery/benelux/The_Netherlands/thumb/20210624_143940b.jpg"" align=""right"" valign=""top""></a>
<br />
                    Natural Stone / Erratic / Other Natural Feature in Drenthe. Splendid erratic next to the parking âHunebeddenwegâ if you visit D53 and D54.<br />
It was broken in the middle but repaired again. Th...<b>.</b> (c) Meg. Portal contributors.<br />
		     <a href=""http://www.megalithic.co.uk/article.php?sid=56098"" >Link To More Information</a><br />
                    "
6.29147,53.161393,0,Zwerfsteen Mienscheer,"
        <b>Type:</b> Natural Stone / Erratic / Other Natural Feature <b>County/Region:</b> Groningen <br /> Pos Accuracy: <b>5</b> Condition: <b>5</b> (5 is best)   Ambience: <b>2</b>  Access: <b>5</b>  (5 is best)<br />
                    <b>Lat:</b> 53.161393 &nbsp;&nbsp;&nbsp;<b>Long</b>: 6.29147<img src=""http://www.megalithic.co.uk/a558/a312/gallery/benelux/The_Netherlands/thumb/20210622_102052b.jpg"" align=""right"" valign=""top""></a>
<br />
                    Erratic in Groningen. This large erratic at petrol station Mienscheer along the A7 was found in 2000 about 4.5 meters deep when tanks for the petrol station were placed.<br />
<br />
Source and furt...<b>.</b> (c) Meg. Portal contributors.<br />
		     <a href=""http://www.megalithic.co.uk/article.php?sid=48208"" >Link To More Information</a><br />
                    "
5.74169,52.92283,0,Zwerfsteen St. Nicolaasga,"
        <b>Type:</b> Natural Stone / Erratic / Other Natural Feature <b>County/Region:</b> Friesland <br /> Pos Accuracy: <b>5</b> Condition: <b>3</b> (5 is best)   Ambience: <b>3</b>  Access: <b>5</b>  (5 is best)<br />
                    <b>Lat:</b> 52.92283 &nbsp;&nbsp;&nbsp;<b>Long</b>: 5.74169<img src=""http://www.megalithic.co.uk/a558/a312/gallery/benelux/The_Netherlands/thumb/20210622_145309b.jpg"" align=""right"" valign=""top""></a>
<br />
                    A granite erratic, standing in the centre of the village of Gaasterweg 2. 
...<b>.</b> (c) Meg. Portal contributors.<br />
		     <a href=""http://www.megalithic.co.uk/article.php?sid=56084"" >Link To More Information</a><br />
                    "
5.560112,51.960009,0,Zwerfsteen van Rhenen,"
        <b>Type:</b> Natural Stone / Erratic / Other Natural Feature <b>County/Region:</b> Utrecht <br /> Pos Accuracy: <b>5</b> Condition: <b>4</b> (5 is best)   Ambience: <b>4</b>  Access: <b>5</b>  (5 is best)<br />
                    <b>Lat:</b> 51.960009 &nbsp;&nbsp;&nbsp;<b>Long</b>: 5.560112<img src=""http://www.megalithic.co.uk/a558/a312/gallery/benelux/The_Netherlands/thumb/eza_s2.jpg"" align=""right"" valign=""top""></a>
<br />
                    Natural Stone / Erratic / Other Natural Feature in Utrecht. This is one of the biggest stones in the Netherlands. Nice erratic at the corner of the N225 and Paardenveld.<br />
The attached plate tell...<b>.</b> (c) Meg. Portal contributors.<br />
		     <a href=""http://www.megalithic.co.uk/article.php?sid=48018"" >Link To More Information</a><br />
                    "
5.915278,52.935833,0,Zwerfsteen van Rottum,"
        <b>Type:</b> Natural Stone / Erratic / Other Natural Feature <b>County/Region:</b> Friesland <br /> Pos Accuracy: <b>5</b> Condition: <b>4</b> (5 is best)   Ambience: <b>3</b>  Access: <b>5</b>  (5 is best)<br />
                    <b>Lat:</b> 52.935833 &nbsp;&nbsp;&nbsp;<b>Long</b>: 5.915278<img src=""http://www.megalithic.co.uk/a558/a312/gallery/benelux/The_Netherlands/thumb/20210622_151757.jpg"" align=""right"" valign=""top""></a>
<br />
                    The Zwerfsteen van Rottum is the largest glacial erratic of the Netherlands.. It is 4.7m long, 3.1m wide and 2m high and weighs 44 metrics tons. It is said the stone used to be four times larger but s...<b>.</b> (c) Meg. Portal contributors.<br />
		     <a href=""http://www.megalithic.co.uk/article.php?sid=45135"" >Link To More Information</a><br />
                    "
6.578923,53.076052,0,Zwerfsteen Vries,"
        <b>Type:</b> Natural Stone / Erratic / Other Natural Feature <b>County/Region:</b> Drenthe <br /> Pos Accuracy: <b>5</b> Condition: <b>5</b> (5 is best)   Ambience: <b>2</b>  Access: <b>5</b>  (5 is best)<br />
                    <b>Lat:</b> 53.076052 &nbsp;&nbsp;&nbsp;<b>Long</b>: 6.578923<img src=""http://www.megalithic.co.uk/a558/a312/gallery/benelux/The_Netherlands/thumb/upe_SAM_5598.JPG"" align=""right"" valign=""top""></a>
<br />
                    This large glacial erratic can be found along the Nieuwe Rijksweg in Vries. It weighs over 15 tons.. Source and further reading (Dutch): www.kijkeensomlaag.nl 
...<b>.</b> (c) Meg. Portal contributors.<br />
		     <a href=""http://www.megalithic.co.uk/article.php?sid=48206"" >Link To More Information</a><br />
                    "
6.718439,51.972774,0,Zwerfsteen Winterswijk,"
        <b>Type:</b> Natural Stone / Erratic / Other Natural Feature <b>County/Region:</b> Gelderland <br /> Pos Accuracy: <b>5</b>  Access: <b>5</b>  (5 is best)<br />
                    <b>Lat:</b> 51.972774 &nbsp;&nbsp;&nbsp;<b>Long</b>: 6.718439<img src=""http://www.megalithic.co.uk/a558/a312/gallery/benelux/The_Netherlands/thumb/IMG_0689_Winterswijk.jpg"" align=""right"" valign=""top""></a>
<br />
                    Natural Stone / Erratic / Other Natural Feature in Gelderland. Near the townhall in Winterswijk there is a large glacial erratic weighing around 43.000kg. It was found in Meddo in 1984.<br />
<br />
...<b>.</b> (c) Meg. Portal contributors.<br />
		     <a href=""http://www.megalithic.co.uk/article.php?sid=48196"" >Link To More Information</a><br />
                    "
