X,Y,Z,Name,description
6.410473,53.104888,0,D1 Steenbergen,"
        <b>Type:</b> Passage Grave <b>County/Region:</b> Drenthe <br /> Pos Accuracy: <b>5</b> Condition: <b>4</b> (5 is best)   Ambience: <b>4</b>  Access: <b>5</b>  (5 is best)<br />
                    <b>Lat:</b> 53.104888 &nbsp;&nbsp;&nbsp;<b>Long</b>: 6.410473<img src=""http://www.megalithic.co.uk/a558/a312/gallery/benelux/The_Netherlands/thumb/rsD1Roden2011Bild1.jpg"" align=""right"" valign=""top""></a>
<br />
                    Passage Grave near Steenbergen. Easy access by car, nearly next to it (Google Map it).
<br /><br />
Like [nearly] all hunebedden (passage graves), this one has been restored in the years 1920 by Pro...<b>.</b> (c) Meg. Portal contributors.<br />
		     <a href=""http://www.megalithic.co.uk/article.php?sid=362"" >Link To More Information</a><br />
                    "
6.658,53.04247,0,D10 Gasteren,"
        <b>Type:</b> Passage Grave <b>County/Region:</b> Drenthe <br /> Pos Accuracy: <b>5</b> Condition: <b>3</b> (5 is best)   Ambience: <b>5</b>  Access: <b>4</b>  (5 is best)<br />
                    <b>Lat:</b> 53.04247 &nbsp;&nbsp;&nbsp;<b>Long</b>: 6.658<img src=""http://www.megalithic.co.uk/a558/a312/gallery/benelux/The_Netherlands/thumb/D10Gasteren2010Bild4.jpg"" align=""right"" valign=""top""></a>
<br />
                    Passage Grave at Gasteren in Drenthe. D10 can be found in the dunes to the north of Gasteren.
<br /><br /> Monumentenregister (Historic Monument)
<br /><br /> Hunebeddeninfo (Dutch Information)
<br...<b>.</b> (c) Meg. Portal contributors.<br />
		     <a href=""http://www.megalithic.co.uk/article.php?sid=372"" >Link To More Information</a><br />
                    "
6.7079423,53.0302279,0,D11 Anloo,"
        <b>Type:</b> Passage Grave <b>County/Region:</b> Drenthe <b>Alt Name:</b> D11 Anloo-Zuid <br /> Pos Accuracy: <b>5</b> Condition: <b>3</b> (5 is best)   Ambience: <b>4</b>  Access: <b>3</b>  (5 is best)<br />
                    <b>Lat:</b> 53.0302279 &nbsp;&nbsp;&nbsp;<b>Long</b>: 6.7079423<img src=""http://www.megalithic.co.uk/a558/a312/gallery/benelux/The_Netherlands/thumb/D11Anloo2010Bild3a.jpg"" align=""right"" valign=""top""></a>
<br />
                    Passage Grave near Anloo in Drenthe. This one is a bit far into the forest. <br />
Signposted at (53.0349, 6.6993). From there, count about 1+ km on foot or, however incongruous it may sound, by car....<b>.</b> (c) Meg. Portal contributors.<br />
		     <a href=""http://www.megalithic.co.uk/article.php?sid=373"" >Link To More Information</a><br />
                    "
6.7237931,53.0149079,0,D12 Eext,"
        <b>Type:</b> Passage Grave <b>County/Region:</b> Drenthe <b>Alt Name:</b> D12 Eext-Es <br /> Pos Accuracy: <b>5</b> Condition: <b>3</b> (5 is best)   Ambience: <b>4</b>  Access: <b>3</b>  (5 is best)<br />
                    <b>Lat:</b> 53.0149079 &nbsp;&nbsp;&nbsp;<b>Long</b>: 6.7237931<img src=""http://www.megalithic.co.uk/a558/a312/gallery/benelux/The_Netherlands/thumb/D12Eext2010Bild1.jpg"" align=""right"" valign=""top""></a>
<br />
                    Passage Grave near Eext in Drenthe. <br /><br /> Monumentenregister (Historic Monument)
<br /><br /> Hunebeddeninfo (Dutch Information)
<br /><br /> Short info (Site Hans Meijer)
...<b>.</b> (c) Meg. Portal contributors.<br />
		     <a href=""http://www.megalithic.co.uk/article.php?sid=374"" >Link To More Information</a><br />
                    "
6.7271107,53.0113653,0,D13 Eext,"
        <b>Type:</b> Passage Grave <b>County/Region:</b> Drenthe <b>Alt Name:</b> De Stemberg <br /> Pos Accuracy: <b>5</b> Condition: <b>3</b> (5 is best)   Ambience: <b>4</b>  Access: <b>4</b>  (5 is best)<br />
                    <b>Lat:</b> 53.0113653 &nbsp;&nbsp;&nbsp;<b>Long</b>: 6.7271107<img src=""http://www.megalithic.co.uk/a558/a312/gallery/benelux/The_Netherlands/thumb/D13Eext2009Bild5.jpg"" align=""right"" valign=""top""></a>
<br />
                    Passage Grave near Eext in Drenthe. An interesting Hunebed this, as it still remains under most of its barrow.
<br /><br /> Monumentenregister (Historic Monument)
<br /><br /> Hunebeddeninfo (Dutch ...<b>.</b> (c) Meg. Portal contributors.<br />
		     <a href=""http://www.megalithic.co.uk/article.php?sid=375"" >Link To More Information</a><br />
                    "
6.7305003,53.0017555,0,D14 Eexterhalte,"
        <b>Type:</b> Passage Grave <b>County/Region:</b> Drenthe <br /> Pos Accuracy: <b>5</b> Condition: <b>4</b> (5 is best)   Ambience: <b>4</b>  Access: <b>4</b>  (5 is best)<br />
                    <b>Lat:</b> 53.0017555 &nbsp;&nbsp;&nbsp;<b>Long</b>: 6.7305003<img src=""http://www.megalithic.co.uk/a558/a312/gallery/benelux/The_Netherlands/thumb/D14_Eexterhalte.jpg"" align=""right"" valign=""top""></a>
<br />
                    Passage Grave near Gieten in Drenthe. This one's a monster and in stunning condition. Easy to find, too, though I'd imagine on a nice day crawling with picnickers.
<br /><br /> Monumentenregister (Hi...<b>.</b> (c) Meg. Portal contributors.<br />
		     <a href=""http://www.megalithic.co.uk/article.php?sid=376"" >Link To More Information</a><br />
                    "
6.61303,53.02275,0,D15 Loon,"
        <b>Type:</b> Passage Grave <b>County/Region:</b> Drenthe <br /> Pos Accuracy: <b>5</b> Condition: <b>3</b> (5 is best)   Ambience: <b>3</b>  Access: <b>4</b>  (5 is best)<br />
                    <b>Lat:</b> 53.02275 &nbsp;&nbsp;&nbsp;<b>Long</b>: 6.61303<img src=""http://www.megalithic.co.uk/a558/a312/gallery/benelux/The_Netherlands/thumb/D15Loon2010Bild8a.jpg"" align=""right"" valign=""top""></a>
<br />
                    Passage Grave near Loon in Drenthe. Out of the village of Loon only one field's width away from the railway track this ones got tons to see. Kerbstones, bit of barrow, good capstones and tons of style...<b>.</b> (c) Meg. Portal contributors.<br />
		     <a href=""http://www.megalithic.co.uk/article.php?sid=377"" >Link To More Information</a><br />
                    "
6.6189895,53.0004241,0,D16 Balloo,"
        <b>Type:</b> Passage Grave <b>County/Region:</b> Drenthe <br /> Pos Accuracy: <b>5</b> Condition: <b>4</b> (5 is best)   Ambience: <b>4</b>  Access: <b>3</b>  (5 is best)<br />
                    <b>Lat:</b> 53.0004241 &nbsp;&nbsp;&nbsp;<b>Long</b>: 6.6189895<img src=""http://www.megalithic.co.uk/a558/a312/gallery/benelux/The_Netherlands/thumb/D16Balloo2010Bild2.jpg"" align=""right"" valign=""top""></a>
<br />
                    Passage Grave at Balloo in Drenthe. This one is really hard to find, but worth the effort. We thought it was the finest hunebed of them all.
<br /><br />
Additional Comment by Alta-Falisa (JUL.2017)...<b>.</b> (c) Meg. Portal contributors.<br />
		     <a href=""http://www.megalithic.co.uk/article.php?sid=378"" >Link To More Information</a><br />
                    "
6.6495,52.99003,0,D17 Rolde,"
        <b>Type:</b> Passage Grave <b>County/Region:</b> Drenthe <br /> Pos Accuracy: <b>5</b> Condition: <b>3</b> (5 is best)   Ambience: <b>3</b>  Access: <b>4</b>  (5 is best)<br />
                    <b>Lat:</b> 52.99003 &nbsp;&nbsp;&nbsp;<b>Long</b>: 6.6495<img src=""http://www.megalithic.co.uk/a558/a312/gallery/benelux/The_Netherlands/thumb/D17Rolde2009Bild1.jpg"" align=""right"" valign=""top""></a>
<br />
                    Passage Grave at Rolde in Drenthe. There are two hunebedden, D17 and D18, at Rolde, at the back of the village in parkland by the church.<br />D17 is more unkempt than its larger sister, with capstone...<b>.</b> (c) Meg. Portal contributors.<br />
		     <a href=""http://www.megalithic.co.uk/article.php?sid=379"" >Link To More Information</a><br />
                    "
6.649174,52.9895255,0,D18 Rolde,"
        <b>Type:</b> Passage Grave <b>County/Region:</b> Drenthe <br /> Pos Accuracy: <b>5</b> Condition: <b>3</b> (5 is best)   Ambience: <b>3</b>  Access: <b>4</b>  (5 is best)<br />
                    <b>Lat:</b> 52.9895255 &nbsp;&nbsp;&nbsp;<b>Long</b>: 6.649174<img src=""http://www.megalithic.co.uk/a558/a312/gallery/benelux/The_Netherlands/thumb/d18.jpg"" align=""right"" valign=""top""></a>
<br />
                    Passage Grave at Rolde in Drenthe. There are two hunebedden, D17 and D18, at Rolde, at the back of the village in parkland by the church.<br />D18 is bigger and in much better condition than its siste...<b>.</b> (c) Meg. Portal contributors.<br />
		     <a href=""http://www.megalithic.co.uk/article.php?sid=380"" >Link To More Information</a><br />
                    "
6.78518,52.95197,0,D19 Drouwen,"
        <b>Type:</b> Passage Grave <b>County/Region:</b> Drenthe <b>Alt Name:</b> Drouwen West <br /> Pos Accuracy: <b>5</b> Condition: <b>3</b> (5 is best)   Ambience: <b>3</b>  Access: <b>4</b>  (5 is best)<br />
                    <b>Lat:</b> 52.95197 &nbsp;&nbsp;&nbsp;<b>Long</b>: 6.78518<img src=""http://www.megalithic.co.uk/a558/a312/gallery/benelux/The_Netherlands/thumb/d19a_by_t1sup-dbhzewk.jpg"" align=""right"" valign=""top""></a>
<br />
                    D19 Passage Grave near Drouwen in Drenthe. Original description by Sunflowerbird<br />
Not much left of the original chamber, but it does have many of its original orthostats. It sits within metres o...<b>.</b> (c) Meg. Portal contributors.<br />
		     <a href=""http://www.megalithic.co.uk/article.php?sid=381"" >Link To More Information</a><br />
                    "
6.4458594,53.0556984,0,D2 Westervelde,"
        <b>Type:</b> Passage Grave <b>County/Region:</b> Drenthe <b>Alt Name:</b> D2 Norg <br /> Pos Accuracy: <b>5</b> Condition: <b>3</b> (5 is best)   Ambience: <b>3</b>  Access: <b>5</b>  (5 is best)<br />
                    <b>Lat:</b> 53.0556984 &nbsp;&nbsp;&nbsp;<b>Long</b>: 6.4458594<img src=""http://www.megalithic.co.uk/a558/a312/gallery/benelux/The_Netherlands/thumb/rsD2Westervelde2011Bild1a.jpg"" align=""right"" valign=""top""></a>
<br />
                    Skeleton of an East-West orientated 4 capstone passage grave. Chamber measuring appr. 7,7m by 2,3m. It is halfways filled with earth. Clear height less than half of the estimated original one. 
. Cap...<b>.</b> (c) Meg. Portal contributors.<br />
		     <a href=""http://www.megalithic.co.uk/article.php?sid=364"" >Link To More Information</a><br />
                    "
6.78558,52.95192,0,D20 Drouwen,"
        <b>Type:</b> Passage Grave <b>County/Region:</b> Drenthe <b>Alt Name:</b> Drouwen Oost <br /> Pos Accuracy: <b>5</b> Condition: <b>3</b> (5 is best)   Ambience: <b>4</b>  Access: <b>5</b>  (5 is best)<br />
                    <b>Lat:</b> 52.95192 &nbsp;&nbsp;&nbsp;<b>Long</b>: 6.78558<img src=""http://www.megalithic.co.uk/a558/a312/gallery/benelux/The_Netherlands/thumb/D20Drouwen2009Bild5a.jpg"" align=""right"" valign=""top""></a>
<br />
                    D20 Passage Grave near Drouwen in Drenthe. The 6-capstone passage grave measures approximately 11m x 3,2m. The 16m x 7m enclosure is well-preserved/restored. Some missing kerb-stones are marked by con...<b>.</b> (c) Meg. Portal contributors.<br />
		     <a href=""http://www.megalithic.co.uk/article.php?sid=382"" >Link To More Information</a><br />
                    "
6.8001335,52.9442389,0,D21 Bronneger,"
        <b>Type:</b> Passage Grave <b>County/Region:</b> Drenthe <b>Alt Name:</b> Bronneger-West <br /> Pos Accuracy: <b>5</b> Condition: <b>4</b> (5 is best)   Ambience: <b>4</b>  Access: <b>4</b>  (5 is best)<br />
                    <b>Lat:</b> 52.9442389 &nbsp;&nbsp;&nbsp;<b>Long</b>: 6.8001335<img src=""http://www.megalithic.co.uk/a558/a312/gallery/benelux/The_Netherlands/thumb/D21Bronneger2009Bild1.jpg"" align=""right"" valign=""top""></a>
<br />
                    Passage Grave at Bronneger in Drenthe. D21, D22, D23, D24 and D25 are all very close together. Five for the price of one!<br />D21 and D22 are only about 4 metres apart, D21 being in much better condi...<b>.</b> (c) Meg. Portal contributors.<br />
		     <a href=""http://www.megalithic.co.uk/article.php?sid=383"" >Link To More Information</a><br />
                    "
6.80053,52.94442,0,D22 Bronneger,"
        <b>Type:</b> Passage Grave <b>County/Region:</b> Drenthe <b>Alt Name:</b> Bronneger-Oost <br /> Pos Accuracy: <b>5</b> Condition: <b>3</b> (5 is best)   Ambience: <b>4</b>  Access: <b>4</b>  (5 is best)<br />
                    <b>Lat:</b> 52.94442 &nbsp;&nbsp;&nbsp;<b>Long</b>: 6.80053<img src=""http://www.megalithic.co.uk/a558/a312/gallery/benelux/The_Netherlands/thumb/SAM_5481_Hunebed_D22.JPG"" align=""right"" valign=""top""></a>
<br />
                    5 orthostats and 2 large capstones are left of this passage grave. Possibly in situ, but the chamber is deeply hidden in the ground. Only the 2 capstones and one orthostat are visible nowadays. . Ther...<b>.</b> (c) Meg. Portal contributors.<br />
		     <a href=""http://www.megalithic.co.uk/article.php?sid=384"" >Link To More Information</a><br />
                    "
6.80269,52.94478,0,D23 Bronneger,"
        <b>Type:</b> Passage Grave <b>County/Region:</b> Drenthe <b>Alt Name:</b> Bronneger-Noord <br /> Pos Accuracy: <b>5</b> Condition: <b>3</b> (5 is best)   Ambience: <b>4</b>  Access: <b>4</b>  (5 is best)<br />
                    <b>Lat:</b> 52.94478 &nbsp;&nbsp;&nbsp;<b>Long</b>: 6.80269<img src=""http://www.megalithic.co.uk/a558/a312/gallery/benelux/The_Netherlands/thumb/D23_Bron_2.jpg"" align=""right"" valign=""top""></a>
<br />
                    Passage Graves at Bronneger in Drenthe in the Netherlands. The sites known as D23, D24 and D25 stand in a little copse about 50m from the equally excitingly named D21 and D22. D23 is really just a dol...<b>.</b> (c) Meg. Portal contributors.<br />
		     <a href=""http://www.megalithic.co.uk/article.php?sid=385"" >Link To More Information</a><br />
                    "
6.80227,52.94457,0,D24 Bronneger,"
        <b>Type:</b> Passage Grave <b>County/Region:</b> Drenthe <b>Alt Name:</b> Bronneger-Zuidwest <br /> Pos Accuracy: <b>5</b> Condition: <b>3</b> (5 is best)   Ambience: <b>4</b>  Access: <b>3</b>  (5 is best)<br />
                    <b>Lat:</b> 52.94457 &nbsp;&nbsp;&nbsp;<b>Long</b>: 6.80227<img src=""http://www.megalithic.co.uk/a558/a312/gallery/benelux/The_Netherlands/thumb/d24_25_cr_by_t1sup-dbi2n3j.jpg"" align=""right"" valign=""top""></a>
<br />
                    Passage Grave at Bronneger in Drenthe. (Site description submitted by 
Martin_L
, October 2009) <br />
Partly damaged smaller 4-capstone passage grave orientated ENE-WSW. Two capstones and at least...<b>.</b> (c) Meg. Portal contributors.<br />
		     <a href=""http://www.megalithic.co.uk/article.php?sid=386"" >Link To More Information</a><br />
                    "
6.80308,52.94444,0,D25 Bronneger,"
        <b>Type:</b> Passage Grave <b>County/Region:</b> Drenthe <b>Alt Name:</b> Bronneger-Zuidoost <br /> Pos Accuracy: <b>5</b> Condition: <b>3</b> (5 is best)   Ambience: <b>4</b>  Access: <b>4</b>  (5 is best)<br />
                    <b>Lat:</b> 52.94444 &nbsp;&nbsp;&nbsp;<b>Long</b>: 6.80308<img src=""http://www.megalithic.co.uk/a558/a312/gallery/benelux/The_Netherlands/thumb/D25_Bron.jpg"" align=""right"" valign=""top""></a>
<br />
                    Passage Grave at Bronneger in Drenthe. Very close to D23 and badly trashed D24 in a copse near to D21 and D22, D25 is a very sweet hunebed of the smaller type.
<br /><br /> Monumentenregister (Histor...<b>.</b> (c) Meg. Portal contributors.<br />
		     <a href=""http://www.megalithic.co.uk/article.php?sid=387"" >Link To More Information</a><br />
                    "
6.7745464,52.9431918,0,D26 Drouwen,"
        <b>Type:</b> Passage Grave <b>County/Region:</b> Drenthe <b>Alt Name:</b> Drouwenerveld <br /> Pos Accuracy: <b>4</b> Condition: <b>3</b> (5 is best)   Ambience: <b>4</b>  Access: <b>3</b>  (5 is best)<br />
                    <b>Lat:</b> 52.9431918 &nbsp;&nbsp;&nbsp;<b>Long</b>: 6.7745464<img src=""http://www.megalithic.co.uk/a558/a312/gallery/benelux/The_Netherlands/thumb/D26Drouwen2009Bild2.jpg"" align=""right"" valign=""top""></a>
<br />
                    Passage Grave near Drouwen in Drenthe. West of the village of Drouwen, this one is not so easy to find.
<br /><br />
Restoration took place in 1970-1972
<br /><br /> Monumentenregister (Historic Mo...<b>.</b> (c) Meg. Portal contributors.<br />
		     <a href=""http://www.megalithic.co.uk/article.php?sid=388"" >Link To More Information</a><br />
                    "
6.79764,52.93028,0,D27 Borger,"
        <b>Type:</b> Passage Grave <b>County/Region:</b> Drenthe <br /> Pos Accuracy: <b>5</b> Condition: <b>4</b> (5 is best)   Ambience: <b>4</b>  Access: <b>4</b>  (5 is best)<br />
                    <b>Lat:</b> 52.93028 &nbsp;&nbsp;&nbsp;<b>Long</b>: 6.79764<img src=""http://www.megalithic.co.uk/a558/a312/gallery/benelux/The_Netherlands/thumb/D27Borger2009Bild5a.jpg"" align=""right"" valign=""top""></a>
<br />
                    Hunebed D27 in Drenthe, the largest in Holland. . About 25 yards long, it stands beside the Hunebedden Information Center. <br />
The Center has several exhibits (in Dutch) on the Funnel Beaker Peopl...<b>.</b> (c) Meg. Portal contributors.<br />
		     <a href=""http://www.megalithic.co.uk/article.php?sid=389"" >Link To More Information</a><br />
                    "
6.811287,52.9259511,0,D28 Borger,"
        <b>Type:</b> Passage Grave <b>County/Region:</b> Drenthe <b>Alt Name:</b> D28 Buinen-Noord <br /> Pos Accuracy: <b>5</b> Condition: <b>3</b> (5 is best)   Ambience: <b>4</b>  Access: <b>4</b>  (5 is best)<br />
                    <b>Lat:</b> 52.9259511 &nbsp;&nbsp;&nbsp;<b>Long</b>: 6.811287<img src=""http://www.megalithic.co.uk/a558/a312/gallery/benelux/The_Netherlands/thumb/DS050705110755_721X500.jpg"" align=""right"" valign=""top""></a>
<br />
                    Passage Grave between Borger and Buinen in Drenthe. Drive east out of Borger on Buinen Road for 2kms at most and you find D28 and its sister in a field to your right. Lovely. Both are small, but a won...<b>.</b> (c) Meg. Portal contributors.<br />
		     <a href=""http://www.megalithic.co.uk/article.php?sid=390"" >Link To More Information</a><br />
                    "
6.81144,52.92569,0,D29 Borger,"
        <b>Type:</b> Passage Grave <b>County/Region:</b> Drenthe <b>Alt Name:</b> D29 Buinen-Zuid <br /> Pos Accuracy: <b>5</b> Condition: <b>3</b> (5 is best)   Ambience: <b>3</b>  Access: <b>4</b>  (5 is best)<br />
                    <b>Lat:</b> 52.92569 &nbsp;&nbsp;&nbsp;<b>Long</b>: 6.81144<img src=""http://www.megalithic.co.uk/a558/a312/gallery/benelux/The_Netherlands/thumb/madcat_d29_4575.JPG"" align=""right"" valign=""top""></a>
<br />
                    Passage Grave between Borger and Buinen in Drenthe. Drive east out of Borger on Buinen Road for 2kms at most and you find D29 and its sister D28m in a field to your right. Lovely, a wonderful place to...<b>.</b> (c) Meg. Portal contributors.<br />
		     <a href=""http://www.megalithic.co.uk/article.php?sid=391"" >Link To More Information</a><br />
                    "
6.67164,53.10778,0,D3 Midlaren,"
        <b>Type:</b> Passage Grave <b>County/Region:</b> Drenthe <br /> Pos Accuracy: <b>5</b> Condition: <b>3</b> (5 is best)   Ambience: <b>4</b>  Access: <b>4</b>  (5 is best)<br />
                    <b>Lat:</b> 53.10778 &nbsp;&nbsp;&nbsp;<b>Long</b>: 6.67164<img src=""http://www.megalithic.co.uk/a558/a312/gallery/benelux/The_Netherlands/thumb/rsD3Midlaren2001Bild1ab.jpg"" align=""right"" valign=""top""></a>
<br />
                    D3 is the western of two east-west oriented passage graves built in line with the chamber ends only 5m from each other. The skeleton of the largely exposed six capstone passage grave measures appr. 10...<b>.</b> (c) Meg. Portal contributors.<br />
		     <a href=""http://www.megalithic.co.uk/article.php?sid=365"" >Link To More Information</a><br />
                    "
6.8458242,52.8915815,0,D30 Exloo,"
        <b>Type:</b> Passage Grave <b>County/Region:</b> Drenthe <b>Alt Name:</b> Exloo-Noord <br /> Pos Accuracy: <b>5</b> Condition: <b>3</b> (5 is best)   Ambience: <b>4</b>  Access: <b>4</b>  (5 is best)<br />
                    <b>Lat:</b> 52.8915815 &nbsp;&nbsp;&nbsp;<b>Long</b>: 6.8458242<img src=""http://www.megalithic.co.uk/a558/a312/gallery/benelux/The_Netherlands/thumb/D30Exloo2010Bild3.jpg"" align=""right"" valign=""top""></a>
<br />
                    Passage Grave near Exloo in Drenthe. To be found in a forest park to the north west of Exloo.<br />
Full description by Martin_L here-under.
<br /><br /> Monumentenregister (Historic Monument)
<br ...<b>.</b> (c) Meg. Portal contributors.<br />
		     <a href=""http://www.megalithic.co.uk/article.php?sid=392"" >Link To More Information</a><br />
                    "
6.8708358,52.86779,0,D31 Exloo,"
        <b>Type:</b> Passage Grave <b>County/Region:</b> Drenthe <b>Alt Name:</b> Exloo-Zuid <br /> Pos Accuracy: <b>5</b> Condition: <b>2</b> (5 is best)   Ambience: <b>4</b>  Access: <b>4</b>  (5 is best)<br />
                    <b>Lat:</b> 52.86779 &nbsp;&nbsp;&nbsp;<b>Long</b>: 6.8708358<img src=""http://www.megalithic.co.uk/a558/a312/gallery/benelux/The_Netherlands/thumb/D312010Bild1.jpg"" align=""right"" valign=""top""></a>
<br />
                    Passage Grave near Exloo in Drenthe. To be found in woodlands between Exloo and Valthe.
<br /><br /> Monumentenregister (Historic Monument)
<br /><br /> Hunebeddeninfo (Dutch Information)
<br /><br...<b>.</b> (c) Meg. Portal contributors.<br />
		     <a href=""http://www.megalithic.co.uk/article.php?sid=393"" >Link To More Information</a><br />
                    "
6.83941,52.85685,0,D32 Odoorn,"
        <b>Type:</b> Passage Grave <b>County/Region:</b> Drenthe <br /> Pos Accuracy: <b>5</b> Condition: <b>3</b> (5 is best)   Ambience: <b>4</b>  Access: <b>4</b>  (5 is best)<br />
                    <b>Lat:</b> 52.85685 &nbsp;&nbsp;&nbsp;<b>Long</b>: 6.83941<img src=""http://www.megalithic.co.uk/a558/a312/gallery/benelux/The_Netherlands/thumb/D32_odoorn.jpg"" align=""right"" valign=""top""></a>
<br />
                    Passage Grave at Odoorn in Drenthe. No monument??
<br /><br /> Hunebeddeninfo (Dutch Information)
<br /><br /> Short info (Site Hans Meijer)
...<b>.</b> (c) Meg. Portal contributors.<br />
		     <a href=""http://www.megalithic.co.uk/article.php?sid=394"" >Link To More Information</a><br />
                    "
6.867342,52.842838,0,D33 Valthe,"
        <b>Type:</b> Passage Grave <b>County/Region:</b> Drenthe <br /> Pos Accuracy: <b>3</b> Condition: <b>Destroyed</b>  (5 is best)<br />
                    <b>Lat:</b> 52.842838 &nbsp;&nbsp;&nbsp;<b>Long</b>: 6.867342<br />
                    Passage Grave in Drenthe. The stones of this hunebed were removed in 1955 and used in the reconstruction of D49 (De Papeloze Kerk).<br />
The location was within 150m north of hunebed D34.
<br /><br...<b>.</b> (c) Meg. Portal contributors.<br />
		     <a href=""http://www.megalithic.co.uk/article.php?sid=35746"" >Link To More Information</a><br />
                    "
6.86753,52.84269,0,D34 Valthe,"
        <b>Type:</b> Passage Grave <b>County/Region:</b> Drenthe <b>Alt Name:</b> D34 Valthe-West <br /> Pos Accuracy: <b>5</b> Condition: <b>3</b> (5 is best)   Ambience: <b>4</b>  Access: <b>4</b>  (5 is best)<br />
                    <b>Lat:</b> 52.84269 &nbsp;&nbsp;&nbsp;<b>Long</b>: 6.86753<img src=""http://www.megalithic.co.uk/a558/a312/gallery/benelux/The_Netherlands/thumb/D34Valthe2009Bild1.jpg"" align=""right"" valign=""top""></a>
<br />
                    Passage Grave near Valthe in Drenthe. D34 is beside a dirt road between Valthe and Odoorn. <br /> <br />
D33 used to be near here, but the stones were removed and used in the reconstruction of D49.<b...<b>.</b> (c) Meg. Portal contributors.<br />
		     <a href=""http://www.megalithic.co.uk/article.php?sid=395"" >Link To More Information</a><br />
                    "
6.870839,52.835214,0,D35 Valthe,"
        <b>Type:</b> Passage Grave <b>County/Region:</b> Drenthe <b>Alt Name:</b> D35 Valthe-Zuidwest <br /> Pos Accuracy: <b>5</b> Condition: <b>2</b> (5 is best)   Ambience: <b>4</b>  Access: <b>4</b>  (5 is best)<br />
                    <b>Lat:</b> 52.835214 &nbsp;&nbsp;&nbsp;<b>Long</b>: 6.870839<img src=""http://www.megalithic.co.uk/a558/a312/gallery/benelux/The_Netherlands/thumb/D35Valthe2010Bild5.jpg"" align=""right"" valign=""top""></a>
<br />
                    Passage Grave near Valthe in Drenthe. D35 is found near a sandy track between Valthe and Klijndijk.
<br /><br /> Monumentenregister (Historic Monument)
<br /><br /> Hunebeddeninfo (Dutch Information...<b>.</b> (c) Meg. Portal contributors.<br />
		     <a href=""http://www.megalithic.co.uk/article.php?sid=397"" >Link To More Information</a><br />
                    "
6.89461,52.83975,0,D36 Valthe,"
        <b>Type:</b> Passage Grave <b>County/Region:</b> Drenthe <b>Alt Name:</b> D36 Valthe-Oost <br /> Pos Accuracy: <b>5</b> Condition: <b>3</b> (5 is best)   Ambience: <b>3</b>  Access: <b>4</b>  (5 is best)<br />
                    <b>Lat:</b> 52.83975 &nbsp;&nbsp;&nbsp;<b>Long</b>: 6.89461<img src=""http://www.megalithic.co.uk/a558/a312/gallery/benelux/The_Netherlands/thumb/ydz_IMG_2977m.jpg"" align=""right"" valign=""top""></a>
<br />
                    D36 and D37 are two aligned passage graves to the south of the village of Valthe. . Geen monument??
<br /><br /> Hunebeddeninfo (Dutch Information)
<br /><br />www.hunebedden.nl/d36eng.htm""> Short i...<b>.</b> (c) Meg. Portal contributors.<br />
		     <a href=""http://www.megalithic.co.uk/article.php?sid=398"" >Link To More Information</a><br />
                    "
6.89497,52.83972,0,D37 Valthe,"
        <b>Type:</b> Passage Grave <b>County/Region:</b> Drenthe <b>Alt Name:</b> D37 Valthe-Oost <br /> Pos Accuracy: <b>5</b> Condition: <b>2</b> (5 is best)   Ambience: <b>3</b>  Access: <b>4</b>  (5 is best)<br />
                    <b>Lat:</b> 52.83972 &nbsp;&nbsp;&nbsp;<b>Long</b>: 6.89497<img src=""http://www.megalithic.co.uk/a558/a312/gallery/benelux/The_Netherlands/thumb/vff_SAM_5885.JPG"" align=""right"" valign=""top""></a>
<br />
                    Passage Grave at Valthe in Drenthe. D36 and D37 are a pair of neolithic chambered tombs to the south of the village of Valthe.<br /><br />
Geen monument??
<br /><br /> Hunebeddeninfo (Dutch Informat...<b>.</b> (c) Meg. Portal contributors.<br />
		     <a href=""http://www.megalithic.co.uk/article.php?sid=399"" >Link To More Information</a><br />
                    "
6.8876,52.81135,0,D38 Emmen,"
        <b>Type:</b> Passage Grave <b>County/Region:</b> Drenthe <b>Alt Name:</b> Emmerveld-Noord <br /> Pos Accuracy: <b>5</b> Condition: <b>3</b> (5 is best)   Ambience: <b>5</b>  Access: <b>3</b>  (5 is best)<br />
                    <b>Lat:</b> 52.81135 &nbsp;&nbsp;&nbsp;<b>Long</b>: 6.8876<img src=""http://www.megalithic.co.uk/a558/a312/gallery/benelux/The_Netherlands/thumb/D38Valtherbos2010Bild1.jpg"" align=""right"" valign=""top""></a>
<br />
                    Passage Grave near Emmen in Drenthe. D38, D39 and D44 stand in a delightful heathland clearing in the forest north of Emmen. They're all a bit wrecked, but the location is so gorgeous, they're well wo...<b>.</b> (c) Meg. Portal contributors.<br />
		     <a href=""http://www.megalithic.co.uk/article.php?sid=400"" >Link To More Information</a><br />
                    "
6.88748,52.81107,0,D39 Emmen,"
        <b>Type:</b> Passage Grave <b>County/Region:</b> Drenthe <b>Alt Name:</b> Emmerveld-Zuidwest <br /> Pos Accuracy: <b>5</b> Condition: <b>3</b> (5 is best)   Ambience: <b>5</b>  Access: <b>3</b>  (5 is best)<br />
                    <b>Lat:</b> 52.81107 &nbsp;&nbsp;&nbsp;<b>Long</b>: 6.88748<img src=""http://www.megalithic.co.uk/a558/a312/gallery/benelux/The_Netherlands/thumb/D39Valtherbos2009Bild2.jpg"" align=""right"" valign=""top""></a>
<br />
                    Passage Grave near Emmen in Drenthe. D38, D39 and D44 stand in a delightful heathland clearing in the forest north of Emmen. They're all a bit wrecked, but the location is so gorgeous, they're well wo...<b>.</b> (c) Meg. Portal contributors.<br />
		     <a href=""http://www.megalithic.co.uk/article.php?sid=401"" >Link To More Information</a><br />
                    "
6.67183,53.10778,0,D4 Midlaren,"
        <b>Type:</b> Passage Grave <b>County/Region:</b> Drenthe <br /> Pos Accuracy: <b>5</b> Condition: <b>3</b> (5 is best)   Ambience: <b>3</b>  Access: <b>4</b>  (5 is best)<br />
                    <b>Lat:</b> 53.10778 &nbsp;&nbsp;&nbsp;<b>Long</b>: 6.67183<img src=""http://www.megalithic.co.uk/a558/a312/gallery/benelux/The_Netherlands/thumb/rsMidlaren2011Bild4.jpg"" align=""right"" valign=""top""></a>
<br />
                    At Midlaren two passage graves are built in line, with only 5m between each other. D4 is the eastern site. The skeleton of the East-West oriented 7 capstone chamber is measuring approx. 14,8m by 3,8m....<b>.</b> (c) Meg. Portal contributors.<br />
		     <a href=""http://www.megalithic.co.uk/article.php?sid=366"" >Link To More Information</a><br />
                    "
6.88828,52.81086,0,D40 Emmen,"
        <b>Type:</b> Passage Grave <b>County/Region:</b> Drenthe <b>Alt Name:</b> D40 Valtherbos, Emmerveld-Zuidoost <br /> Pos Accuracy: <b>5</b> Condition: <b>4</b> (5 is best)   Ambience: <b>5</b>  Access: <b>3</b>  (5 is best)<br />
                    <b>Lat:</b> 52.81086 &nbsp;&nbsp;&nbsp;<b>Long</b>: 6.88828<img src=""http://www.megalithic.co.uk/a558/a312/gallery/benelux/The_Netherlands/thumb/D40Valthe2009Bild8a.jpg"" align=""right"" valign=""top""></a>
<br />
                    Passage Grave near Emmen in Drenthe. D38, D39 and D40 stand in a delightful heathland clearing in the forest north of Emmen. 
<br /><br /> Monumentenregister (Historic Monument)
<br /><br /> Hunebed...<b>.</b> (c) Meg. Portal contributors.<br />
		     <a href=""http://www.megalithic.co.uk/article.php?sid=402"" >Link To More Information</a><br />
                    "
6.88581,52.79992,0,D41 Emmermeer,"
        <b>Type:</b> Passage Grave <b>County/Region:</b> Drenthe <b>Alt Name:</b> Emmen-Noord <br /> Pos Accuracy: <b>5</b> Condition: <b>4</b> (5 is best)   Ambience: <b>2</b>  Access: <b>5</b>  (5 is best)<br />
                    <b>Lat:</b> 52.79992 &nbsp;&nbsp;&nbsp;<b>Long</b>: 6.88581<img src=""http://www.megalithic.co.uk/a558/a312/gallery/benelux/The_Netherlands/thumb/D41_Emmermeer.jpg"" align=""right"" valign=""top""></a>
<br />
                    Passage Grave near Emmermeer in Drenthe. Go out of Emmen on the Odoorn road into the suburb of Emmermeer and on the side of the road is this wonderful monument. Hundreds of motorists must pass it ever...<b>.</b> (c) Meg. Portal contributors.<br />
		     <a href=""http://www.megalithic.co.uk/article.php?sid=403"" >Link To More Information</a><br />
                    "
6.8704269,52.7959852,0,D42 Emmeres,"
        <b>Type:</b> Passage Grave <b>County/Region:</b> Drenthe <b>Alt Name:</b> Westenesch Noord <br /> Pos Accuracy: <b>5</b> Condition: <b>3</b> (5 is best)   Ambience: <b>4</b>  Access: <b>4</b>  (5 is best)<br />
                    <b>Lat:</b> 52.7959852 &nbsp;&nbsp;&nbsp;<b>Long</b>: 6.8704269<img src=""http://www.megalithic.co.uk/a558/a312/gallery/benelux/The_Netherlands/thumb/42_2.jpg"" align=""right"" valign=""top""></a>
<br />
                    Passage Grave near Emmen in Drenthe. D42 is found by walking through woods to the west of Emmen.
<br /><br /> Monumentenregister (Historic Monument)
<br /><br /> Hunebeddeninfo (Dutch Information)
...<b>.</b> (c) Meg. Portal contributors.<br />
		     <a href=""http://www.megalithic.co.uk/article.php?sid=404"" >Link To More Information</a><br />
                    "
6.88728,52.79325,0,D43 Emmen Schimmeres,"
        <b>Type:</b> Passage Grave <b>County/Region:</b> Drenthe <b>Alt Name:</b> Langgraf Schimmeres <br /> Pos Accuracy: <b>5</b> Condition: <b>3</b> (5 is best)   Ambience: <b>4</b>  Access: <b>4</b>  (5 is best)<br />
                    <b>Lat:</b> 52.79325 &nbsp;&nbsp;&nbsp;<b>Long</b>: 6.88728<img src=""http://www.megalithic.co.uk/a558/a312/gallery/benelux/The_Netherlands/thumb/D43LanggrafSchimmeres2010Bild3.jpg"" align=""right"" valign=""top""></a>
<br />
                    Two passage graves within a long-barrow at Emmen in Drenthe. (Site description submitted by 
Martin_L
, May 2009) <br /> <br />

In many respects this funnel-beaker site is exceptional.
Among the...<b>.</b> (c) Meg. Portal contributors.<br />
		     <a href=""http://www.megalithic.co.uk/article.php?sid=405"" >Link To More Information</a><br />
                    "
6.87217,52.78772,0,D44 Westenesch,"
        <b>Type:</b> Passage Grave <b>County/Region:</b> Drenthe <br /> Pos Accuracy: <b>5</b> Condition: <b>2</b> (5 is best)   Ambience: <b>3</b>  Access: <b>5</b>  (5 is best)<br />
                    <b>Lat:</b> 52.78772 &nbsp;&nbsp;&nbsp;<b>Long</b>: 6.87217<img src=""http://www.megalithic.co.uk/a558/a312/gallery/benelux/The_Netherlands/thumb/D44Westenesch2009Bild1.jpg"" align=""right"" valign=""top""></a>
<br />
                    Passage Grave at Westenesch in Drenthe. D44 is to be found in the front of a farm in Westenesch west of Emmen.
<br /><br /> Monumentenregister (Historic Monument)
<br /><br /> Hunebeddeninfo (Dutch ...<b>.</b> (c) Meg. Portal contributors.<br />
		     <a href=""http://www.megalithic.co.uk/article.php?sid=406"" >Link To More Information</a><br />
                    "
6.90767,52.79158,0,D45 Emmen,"
        <b>Type:</b> Passage Grave <b>County/Region:</b> Drenthe <b>Alt Name:</b> D45 Emmerdennen <br /> Pos Accuracy: <b>5</b> Condition: <b>3</b> (5 is best)   Ambience: <b>4</b>  Access: <b>4</b>  (5 is best)<br />
                    <b>Lat:</b> 52.79158 &nbsp;&nbsp;&nbsp;<b>Long</b>: 6.90767<img src=""http://www.megalithic.co.uk/a558/a312/gallery/benelux/The_Netherlands/thumb/D45Emmen2010Bild16.jpg"" align=""right"" valign=""top""></a>
<br />
                    Passage grave D45 at Emmen in Drenthe. It is largely exposed and  majestically situated on a small hilltop (with some remains of the eroded earthwork) in the Emmerdennen woodland near the centre of th...<b>.</b> (c) Meg. Portal contributors.<br />
		     <a href=""http://www.megalithic.co.uk/article.php?sid=407"" >Link To More Information</a><br />
                    "
6.9356831,52.7838491,0,D46 Angelslo,"
        <b>Type:</b> Passage Grave <b>County/Region:</b> Drenthe <b>Alt Name:</b> Angelslo Noord <br /> Pos Accuracy: <b>5</b> Condition: <b>3</b> (5 is best)   Ambience: <b>3</b>  Access: <b>4</b>  (5 is best)<br />
                    <b>Lat:</b> 52.7838491 &nbsp;&nbsp;&nbsp;<b>Long</b>: 6.9356831<img src=""http://www.megalithic.co.uk/a558/a312/gallery/benelux/The_Netherlands/thumb/EmmenAngelslo22010Bild2.jpg"" align=""right"" valign=""top""></a>
<br />
                    Passage Grave at Angelslo in Drenthe. D46 can be found in a public garden surrounded by the houses in the Angelslo suburb of Emmen.
<br /><br />
Restorations took place in 1960 and 1997.
<br /><br ...<b>.</b> (c) Meg. Portal contributors.<br />
		     <a href=""http://www.megalithic.co.uk/article.php?sid=408"" >Link To More Information</a><br />
                    "
6.93789,52.78114,0,D47 Angelslo,"
        <b>Type:</b> Passage Grave <b>County/Region:</b> Drenthe <b>Alt Name:</b> Angelslo Zuid <br /> Pos Accuracy: <b>5</b> Condition: <b>4</b> (5 is best)   Ambience: <b>3</b>  Access: <b>5</b>  (5 is best)<br />
                    <b>Lat:</b> 52.78114 &nbsp;&nbsp;&nbsp;<b>Long</b>: 6.93789<img src=""http://www.megalithic.co.uk/a558/a312/gallery/benelux/The_Netherlands/thumb/EmmenAngelslo12010Bild1.jpg"" align=""right"" valign=""top""></a>
<br />
                    Passage Grave at Angelslo in Drenthe. D47 can be found in a small open space between the flats in the Angelslo suburb of Emmen.
<br /><br />
This tomb is restored in 1997 by placing 2 capstones from...<b>.</b> (c) Meg. Portal contributors.<br />
		     <a href=""http://www.megalithic.co.uk/article.php?sid=409"" >Link To More Information</a><br />
                    "
6.7739594,52.8200248,0,D49 Schoonoord,"
        <b>Type:</b> Passage Grave <b>County/Region:</b> Drenthe <b>Alt Name:</b> D49 Papeloze Kerk, Priestless Church <br /> Pos Accuracy: <b>5</b> Condition: <b>4</b> (5 is best)   Ambience: <b>5</b>  Access: <b>4</b>  (5 is best)<br />
                    <b>Lat:</b> 52.8200248 &nbsp;&nbsp;&nbsp;<b>Long</b>: 6.7739594<img src=""http://www.megalithic.co.uk/a558/a312/gallery/benelux/The_Netherlands/thumb/D49PapelozeKerk2009Bild8.jpg"" align=""right"" valign=""top""></a>
<br />
                    D49 Schoonoord Passage Grave near Papeloze Kerk in Drenthe. Also known as Papeloze Kerk. What an OUTSTANDING monument.
<br /><br />monumentenregister.cultureelerfgoed.nl/monumenten/45998""> Monumenten...<b>.</b> (c) Meg. Portal contributors.<br />
		     <a href=""http://www.megalithic.co.uk/article.php?sid=411"" >Link To More Information</a><br />
                    "
6.53132,53.06181,0,D5 Zeijen,"
        <b>Type:</b> Passage Grave <b>County/Region:</b> Drenthe <br /> Pos Accuracy: <b>5</b> Condition: <b>3</b> (5 is best)   Ambience: <b>4</b>  Access: <b>4</b>  (5 is best)<br />
                    <b>Lat:</b> 53.06181 &nbsp;&nbsp;&nbsp;<b>Long</b>: 6.53132<img src=""http://www.megalithic.co.uk/a558/a312/gallery/benelux/The_Netherlands/thumb/rsD5Zeijen2009Bild1ab.jpg"" align=""right"" valign=""top""></a>
<br />
                    Passage Grave in Drenthe, about 1.5km out of Zeijen village.. <br /><br /> Monumentenregister (Historic Monument)
<br /><br /> Hunebeddeninfo (Dutch Information)
<br /><br /> Short info (Site Hans M...<b>.</b> (c) Meg. Portal contributors.<br />
		     <a href=""http://www.megalithic.co.uk/article.php?sid=367"" >Link To More Information</a><br />
                    "
6.78722,52.79606,0,D50 Noordsleen,"
        <b>Type:</b> Passage Grave <b>County/Region:</b> Drenthe <b>Alt Name:</b> Noord-Sleen Noord <br /> Pos Accuracy: <b>5</b> Condition: <b>4</b> (5 is best)   Ambience: <b>4</b>  Access: <b>4</b>  (5 is best)<br />
                    <b>Lat:</b> 52.79606 &nbsp;&nbsp;&nbsp;<b>Long</b>: 6.78722<img src=""http://www.megalithic.co.uk/a558/a312/gallery/benelux/The_Netherlands/thumb/D50nordsleen2010Bild2.jpg"" align=""right"" valign=""top""></a>
<br />
                    Well signposted in the village of Noordsleen near Emmen, Drenthe. this hunebed (Passage Grave) lies complete with kerbstones close to its more trashed neighbour, D51.. <br /><br /> Monumentenregister ...<b>.</b> (c) Meg. Portal contributors.<br />
		     <a href=""http://www.megalithic.co.uk/article.php?sid=413"" >Link To More Information</a><br />
                    "
6.7865,52.7947,0,D51 Noordsleen,"
        <b>Type:</b> Passage Grave <b>County/Region:</b> Drenthe <b>Alt Name:</b> Noord-Sleen Zuid <br /> Pos Accuracy: <b>5</b> Condition: <b>3</b> (5 is best)   Ambience: <b>4</b>  Access: <b>4</b>  (5 is best)<br />
                    <b>Lat:</b> 52.7947 &nbsp;&nbsp;&nbsp;<b>Long</b>: 6.7865<img src=""http://www.megalithic.co.uk/a558/a312/gallery/benelux/The_Netherlands/thumb/D_51nordsleen2009Bild8.jpg"" align=""right"" valign=""top""></a>
<br />
                    D51 Passage Grave near Noordsleen in Drenthe. Not as impressive or complete as its sister D50 a few 100ms away, but its the one you see first on the farm track.
<br /><br /> Monumentenregister (Histo...<b>.</b> (c) Meg. Portal contributors.<br />
		     <a href=""http://www.megalithic.co.uk/article.php?sid=412"" >Link To More Information</a><br />
                    "
6.33119,52.85897,0,D52 Diever,"
        <b>Type:</b> Passage Grave <b>County/Region:</b> Drenthe <br /> Pos Accuracy: <b>5</b> Condition: <b>3</b> (5 is best)   Ambience: <b>3</b>  Access: <b>5</b>  (5 is best)<br />
                    <b>Lat:</b> 52.85897 &nbsp;&nbsp;&nbsp;<b>Long</b>: 6.33119<img src=""http://www.megalithic.co.uk/a558/a312/gallery/benelux/The_Netherlands/thumb/D52Diever2010Bild2.jpg"" align=""right"" valign=""top""></a>
<br />
                    Neolithic (TRB West-group) passage grave oriented SW-NE with remains of lateral passage. No traces of the enclosure. <br />As at most other funnel-beaker sites in this area only the exposed skeleton (...<b>.</b> (c) Meg. Portal contributors.<br />
		     <a href=""http://www.megalithic.co.uk/article.php?sid=414"" >Link To More Information</a><br />
                    "
6.2914175,52.8723071,0,D52a Diever,"
        <b>Type:</b> Passage Grave <b>County/Region:</b> Drenthe <b>Alt Name:</b> Berkenheuvel, Pottiesbargien <br /> Pos Accuracy: <b>5</b> Condition: <b>2</b> (5 is best)   (5 is best)<br />
                    <b>Lat:</b> 52.8723071 &nbsp;&nbsp;&nbsp;<b>Long</b>: 6.2914175<img src=""http://www.megalithic.co.uk/a558/a312/gallery/benelux/The_Netherlands/thumb/gmo_IMG_3766M.jpg"" align=""right"" valign=""top""></a>
<br />
                    Passage Grave in Drenthe. D52a is a lost hunebed (passage grave) in the Wapserveld near Diever. It was demolished in 1735 with the consent of the local government. Only a hill remains. The hill is cal...<b>.</b> (c) Meg. Portal contributors.<br />
		     <a href=""http://www.megalithic.co.uk/article.php?sid=45136"" >Link To More Information</a><br />
                    "
6.21817,52.79254,0,D53 Havelterberg,"
        <b>Type:</b> Passage Grave <b>County/Region:</b> Drenthe <b>Alt Name:</b> Havelte-West <br /> Pos Accuracy: <b>5</b> Condition: <b>5</b> (5 is best)   Ambience: <b>4</b>  Access: <b>5</b>  (5 is best)<br />
                    <b>Lat:</b> 52.79254 &nbsp;&nbsp;&nbsp;<b>Long</b>: 6.21817<img src=""http://www.megalithic.co.uk/a558/a312/gallery/benelux/The_Netherlands/thumb/D53Havelte2010Bild4.jpg"" align=""right"" valign=""top""></a>
<br />
                    D53 Havelteberg Passage Grave in Drenthe. <br /><br /> Monumentenregister (Historic Monument)
<br /><br /> Hunebeddeninfo (Dutch Information)
<br /><br /> Short info (Site Hans Meijer)
...<b>.</b> (c) Meg. Portal contributors.<br />
		     <a href=""http://www.megalithic.co.uk/article.php?sid=415"" >Link To More Information</a><br />
                    "
6.22055,52.79257,0,D54 Havelterberg,"
        <b>Type:</b> Passage Grave <b>County/Region:</b> Drenthe <b>Alt Name:</b> Havelte-Oost <br /> Pos Accuracy: <b>5</b> Condition: <b>4</b> (5 is best)   Ambience: <b>3</b>  Access: <b>4</b>  (5 is best)<br />
                    <b>Lat:</b> 52.79257 &nbsp;&nbsp;&nbsp;<b>Long</b>: 6.22055<img src=""http://www.megalithic.co.uk/a558/a312/gallery/benelux/The_Netherlands/thumb/rsD542011Bild1a.jpg"" align=""right"" valign=""top""></a>
<br />
                    The two Havelterberg monuments are a long way west from the string of hunebedden, the Hunebed Highway (N34). But they're worth a detour!  D54 and D53 are within 400m of each other in sandy heathland -...<b>.</b> (c) Meg. Portal contributors.<br />
		     <a href=""http://www.megalithic.co.uk/article.php?sid=416"" >Link To More Information</a><br />
                    "
6.566116,52.92476,0,D54b Hooghalen,"
        <b>Type:</b> Passage Grave <b>County/Region:</b> Drenthe <b>Alt Name:</b> Hooghalen 1, Monumentnummer 2057 <br /> Pos Accuracy: <b>4</b> Condition: <b>1</b> (5 is best)   Ambience: <b>4</b>  Access: <b>3</b>  (5 is best)<br />
                    <b>Lat:</b> 52.92476 &nbsp;&nbsp;&nbsp;<b>Long</b>: 6.566116<img src=""http://www.megalithic.co.uk/a558/a312/gallery/benelux/The_Netherlands/thumb/D54bHooghalen2010Bild3.jpg"" align=""right"" valign=""top""></a>
<br />
                    Remains of a neolithic chambered tomb, originally measuring approx.  8 x 3.1m [1].  It was discovered in 1946 and examined  by A.E. van Giffen et. al. in 1947. . The megaliths are robbed except for on...<b>.</b> (c) Meg. Portal contributors.<br />
		     <a href=""http://www.megalithic.co.uk/article.php?sid=28079"" >Link To More Information</a><br />
                    "
6.62942,53.07475,0,D6 Tynaarlo,"
        <b>Type:</b> Passage Grave <b>County/Region:</b> Drenthe <br /> Pos Accuracy: <b>5</b> Condition: <b>4</b> (5 is best)   Ambience: <b>3</b>  Access: <b>5</b>  (5 is best)<br />
                    <b>Lat:</b> 53.07475 &nbsp;&nbsp;&nbsp;<b>Long</b>: 6.62942<img src=""http://www.megalithic.co.uk/a558/a312/gallery/benelux/The_Netherlands/thumb/rsD6Tynarloo2009Bild4.jpg"" align=""right"" valign=""top""></a>
<br />
                    A well preserved and rather charming skeleton of a three capstone passage (assumed) grave. It is oriented approx. NW-SE. The chamber measures 5.5m by 3.1 â 2.7m [1]. Clear length 3.9m. It is one of ...<b>.</b> (c) Meg. Portal contributors.<br />
		     <a href=""http://www.megalithic.co.uk/article.php?sid=368"" >Link To More Information</a><br />
                    "
6.68447,53.06117,0,D7 Kniphorstbos,"
        <b>Type:</b> Passage Grave <b>County/Region:</b> Drenthe <b>Alt Name:</b> D7 Schipborg <br /> Pos Accuracy: <b>5</b> Condition: <b>4</b> (5 is best)   Ambience: <b>4</b>  Access: <b>4</b>  (5 is best)<br />
                    <b>Lat:</b> 53.06117 &nbsp;&nbsp;&nbsp;<b>Long</b>: 6.68447<img src=""http://www.megalithic.co.uk/a558/a312/gallery/benelux/The_Netherlands/thumb/D7Schipborg2010Bild3.jpg"" align=""right"" valign=""top""></a>
<br />
                    Passage Grave near Anloo in Drenthe. To be found in the woods between Anloo and Schipborg.
<br /><br />
Hamilton writes: This area is no longer a military area. It is now Netherlands' first designat...<b>.</b> (c) Meg. Portal contributors.<br />
		     <a href=""http://www.megalithic.co.uk/article.php?sid=369"" >Link To More Information</a><br />
                    "
6.69931,53.05992,0,D8 Kniphorstbos,"
        <b>Type:</b> Passage Grave <b>County/Region:</b> Drenthe <b>Alt Name:</b> D8 Anloo <br /> Pos Accuracy: <b>5</b> Condition: <b>3</b> (5 is best)   Ambience: <b>3</b>  Access: <b>4</b>  (5 is best)<br />
                    <b>Lat:</b> 53.05992 &nbsp;&nbsp;&nbsp;<b>Long</b>: 6.69931<img src=""http://www.megalithic.co.uk/a558/a312/gallery/benelux/The_Netherlands/thumb/DS050705092748_750X372.jpg"" align=""right"" valign=""top""></a>
<br />
                    Passage Grave near Anloo in Drenthe. To be found in the woods between Anloo and Schipborg.
<br /><br /> Hunebeddeninfo (Dutch Information)
<br /><br /> Short info (Site Hans Meijer)
...<b>.</b> (c) Meg. Portal contributors.<br />
		     <a href=""http://www.megalithic.co.uk/article.php?sid=370"" >Link To More Information</a><br />
                    "
6.69977,53.05927,0,D8a Kniphorstbos,"
        <b>Type:</b> Passage Grave <b>County/Region:</b> Drenthe <br /> Pos Accuracy: <b>5</b> Condition: <b>Destroyed</b>  Ambience: <b>4</b>  Access: <b>3</b>  (5 is best)<br />
                    <b>Lat:</b> 53.05927 &nbsp;&nbsp;&nbsp;<b>Long</b>: 6.69977<img src=""http://www.megalithic.co.uk/a558/a312/gallery/benelux/The_Netherlands/thumb/phg_IMG_3612M.jpg"" align=""right"" valign=""top""></a>
<br />
                    Passage Grave in Drenthe. In 1992, archaeologists A. Klein Wassink, J.E. Musch and J. Musch found the remains of two completely dismantled hunebeds in a clearing, immediately south of the existing hun...<b>.</b> (c) Meg. Portal contributors.<br />
		     <a href=""http://www.megalithic.co.uk/article.php?sid=54932"" >Link To More Information</a><br />
                    "
6.70017,53.05927,0,D8b Kniphorstbos,"
        <b>Type:</b> Passage Grave <b>County/Region:</b> Drenthe <br /> Pos Accuracy: <b>5</b> Condition: <b>Destroyed</b>  Ambience: <b>4</b>  Access: <b>3</b>  (5 is best)<br />
                    <b>Lat:</b> 53.05927 &nbsp;&nbsp;&nbsp;<b>Long</b>: 6.70017<img src=""http://www.megalithic.co.uk/a558/a312/gallery/benelux/The_Netherlands/thumb/zfs_IMG_3607m.jpg"" align=""right"" valign=""top""></a>
<br />
                    Passage Grave in Drenthe. The location of this destroyed hunebed, which was discovered at the same time as hunebed D8a, was recognizable in the terrain as a faint, oval depression with the start of a ...<b>.</b> (c) Meg. Portal contributors.<br />
		     <a href=""http://www.megalithic.co.uk/article.php?sid=54933"" >Link To More Information</a><br />
                    "
6.71561,53.06153,0,D9 Annen,"
        <b>Type:</b> Passage Grave <b>County/Region:</b> Drenthe <b>Alt Name:</b> D IX Noordlo, D09 <br /> Pos Accuracy: <b>5</b> Condition: <b>3</b> (5 is best)   Ambience: <b>2</b>  Access: <b>5</b>  (5 is best)<br />
                    <b>Lat:</b> 53.06153 &nbsp;&nbsp;&nbsp;<b>Long</b>: 6.71561<img src=""http://www.megalithic.co.uk/a558/a312/gallery/benelux/The_Netherlands/thumb/D9Annen2009Bild2.jpg"" align=""right"" valign=""top""></a>
<br />
                    Passage Grave near Annen in Drenthe. (Site description submitted by 
Martin_L
, October 2009) <br /> <br />
D IX Noordlo at Annen. Remains of a  4 capstone passage grave. The chamber is orientated ...<b>.</b> (c) Meg. Portal contributors.<br />
		     <a href=""http://www.megalithic.co.uk/article.php?sid=371"" >Link To More Information</a><br />
                    "
5.48846,52.8555,0,F1 Rijsterbos,"
        <b>Type:</b> Passage Grave <b>County/Region:</b> Friesland <b>Alt Name:</b> F1 Gaasterland <br /> Pos Accuracy: <b>4</b> Condition: <b>2</b> (5 is best)   Ambience: <b>3</b>  Access: <b>4</b>  (5 is best)<br />
                    <b>Lat:</b> 52.8555 &nbsp;&nbsp;&nbsp;<b>Long</b>: 5.48846<img src=""http://www.megalithic.co.uk/a558/a312/gallery/benelux/The_Netherlands/thumb/[3630]DSC_1394c1200x800.jpg"" align=""right"" valign=""top""></a>
<br />
                    Largely destroyed in 1849 this 4 capstone tomb is the only known megalithic site in the Province Friesland. . The ground plan of the chamber is still visible as the extraction pits of the orthostats w...<b>.</b> (c) Meg. Portal contributors.<br />
		     <a href=""http://www.megalithic.co.uk/article.php?sid=27043"" >Link To More Information</a><br />
                    "
6.65911,53.11571,0,G1 Noordlaren,"
        <b>Type:</b> Passage Grave <b>County/Region:</b> Groningen <br /> Pos Accuracy: <b>5</b> Condition: <b>3</b> (5 is best)   Ambience: <b>3</b>  Access: <b>4</b>  (5 is best)<br />
                    <b>Lat:</b> 53.11571 &nbsp;&nbsp;&nbsp;<b>Long</b>: 6.65911<img src=""http://www.megalithic.co.uk/a558/a312/gallery/benelux/The_Netherlands/thumb/G1_Noordlaren.jpg"" align=""right"" valign=""top""></a>
<br />
                    Passage Grave at Noordlaren in Groningen. Just over the border from Drenthe into Groningen province lies what remains of the G1 hunebed at Noordlaren. Actually, its just outside the village down a wel...<b>.</b> (c) Meg. Portal contributors.<br />
		     <a href=""http://www.megalithic.co.uk/article.php?sid=417"" >Link To More Information</a><br />
                    "
6.63979,53.1324,0,G2 Glimmer Es,"
        <b>Type:</b> Passage Grave <b>County/Region:</b> Groningen <b>Alt Name:</b> G2 Glimmeres <br /> Pos Accuracy: <b>4</b> Condition: <b>Destroyed</b>  Ambience: <b>3</b>  Access: <b>3</b>  (5 is best)<br />
                    <b>Lat:</b> 53.1324 &nbsp;&nbsp;&nbsp;<b>Long</b>: 6.63979<br />
                    The destroyed megalithic tomb was discovered in 1966 by J.E. Musch and excavated in 1969/70 by J.N. Lanting (BAI Groningen) et al... According to his results, the chamber was built of 6 pairs of ortho...<b>.</b> (c) Meg. Portal contributors.<br />
		     <a href=""http://www.megalithic.co.uk/article.php?sid=27265"" >Link To More Information</a><br />
                    "
6.926926,53.335858,0,G5 Heveskesklooster,"
        <b>Type:</b> Passage Grave <b>County/Region:</b> Groningen <br /> Pos Accuracy: <b>5</b> Condition: <b>4</b> (5 is best)   Ambience: <b>5</b>  Access: <b>5</b>  (5 is best)<br />
                    <b>Lat:</b> 53.335858 &nbsp;&nbsp;&nbsp;<b>Long</b>: 6.926926<img src=""http://www.megalithic.co.uk/a558/a312/gallery/benelux/The_Netherlands/thumb/mmd_G5-04.jpg"" align=""right"" valign=""top""></a>
<br />
                    In 1982, during excavations at the site of a former monastery in the village of Heveskes, archaeologists discovered the remains of a previously unknown hunebed. As the site was earmarked for industria...<b>.</b> (c) Meg. Portal contributors.<br />
		     <a href=""http://www.megalithic.co.uk/article.php?sid=51648"" >Link To More Information</a><br />
                    "
